# Blender 4.0.1
# www.blender.org
mtllib World.mtl
o World
v -312.690033 -0.000069 -189.200043
v -303.890045 -0.000071 -202.400070
v -303.890076 15.999926 -218.400040
v -318.690033 15.999928 -188.800034
v -371.890076 -0.000063 -112.000038
v -362.290070 -0.000065 -128.000031
v -370.290070 15.999933 -128.000031
v -379.890076 15.999934 -112.000046
v -344.290070 15.999933 -136.000031
v -321.890076 15.999933 -152.000031
v -327.890076 31.999935 -152.000031
v -350.290070 31.999937 -136.000031
v -344.290070 -0.000063 -128.000031
v -315.890076 -0.000064 -150.000031
v -311.090088 -0.000065 -164.800034
v -317.090088 15.999932 -164.800034
v -324.690033 31.999931 -188.800034
v -323.090088 31.999931 -164.800034
v -335.090088 47.999939 -164.800034
v -339.890076 47.999939 -152.000031
v -362.290070 47.999939 -136.000031
v -403.890076 31.999935 -96.000046
v -379.890076 31.999939 -112.000046
v -379.890076 47.999943 -112.000046
v -403.890076 47.999943 -96.000046
v -370.290070 31.999935 -128.000031
v -370.290070 47.999939 -128.000031
v -336.690033 47.999931 -188.800034
v -335.090088 63.999939 -164.800034
v -339.890076 63.999939 -152.000031
v -362.290070 63.999939 -136.000031
v -370.290070 55.999939 -128.000031
v -379.890076 55.999943 -112.000053
v -403.890076 55.999943 -96.000053
v -403.890076 15.999934 -96.000046
v -393.890076 -0.000062 -96.000046
v -303.890045 31.999929 -218.399994
v -303.890076 47.999947 -218.400070
v -403.890076 15.999949 -16.000038
v -403.890076 15.999944 -32.000038
v -403.890076 31.999947 -32.000042
v -403.890076 31.999947 -16.000040
v -397.890076 15.999943 -48.000038
v -403.890076 31.999943 -48.000046
v -403.890076 47.999958 -16.000042
v -403.890076 47.999950 -32.000042
v -403.890076 55.999950 -32.000042
v -403.890076 55.999958 -16.000044
v -403.890076 47.999950 -48.000046
v -403.890076 55.999950 -48.000046
v -395.890076 -0.000051 -16.000034
v -389.890076 -0.000052 -32.000034
v -381.890076 -0.000055 -48.000038
v -391.890076 47.999981 3.999959
v -391.890076 59.999981 3.999956
v -391.890076 31.999977 3.999961
v -391.890076 15.999981 3.999963
v -391.890076 -0.000023 3.999966
v -393.890076 15.999941 -64.000038
v -401.890076 31.999941 -64.000038
v -403.890076 47.999950 -64.000038
v -403.890076 55.999950 -64.000046
v -403.890076 47.999943 -80.000038
v -403.890076 55.999943 -80.000046
v -403.890076 47.999943 -96.000046
v -403.890076 55.999943 -96.000053
v -377.890076 -0.000057 -64.000031
v -385.890076 -0.000060 -80.000031
v -401.890076 15.999938 -80.000038
v -393.890076 -0.000062 -96.000046
v -403.890076 15.999934 -96.000046
v -403.890076 31.999939 -80.000038
v -403.890076 31.999935 -96.000046
v -323.890076 64.000000 31.999962
v -339.890076 63.999985 15.999961
v -347.890137 71.999985 15.999958
v -331.890137 72.000008 31.999960
v -347.890076 63.999985 7.999960
v -355.890137 71.999985 7.999958
v -331.890076 47.999985 15.999964
v -339.890076 47.999985 7.999963
v -315.890076 48.000008 31.999966
v -331.890076 32.000011 31.999968
v -347.890076 31.999985 15.999965
v -331.890076 16.000006 31.999968
v -347.090088 15.999998 15.999968
v -355.890076 15.999986 7.999967
v -355.890076 31.999981 7.999965
v -331.890076 -0.000016 15.999971
v -339.890076 -0.000017 7.999970
v -315.890076 0.000003 31.999973
v -307.890076 0.000007 47.999977
v -323.890076 16.000010 47.999973
v -315.890076 64.000000 47.999966
v -323.890137 72.000008 47.999966
v -323.890076 32.000023 95.999977
v -323.890076 32.000023 79.999969
v -307.890076 48.000015 79.999969
v -307.890076 48.000015 95.999977
v -299.890076 48.000008 63.999966
v -307.890076 48.000008 47.999969
v -307.890015 64.000015 63.999966
v -315.890076 32.000015 63.999966
v -323.890076 32.000015 47.999969
v -299.890076 0.000010 63.999973
v -315.890076 16.000015 63.999969
v -323.890076 16.000013 79.999969
v -307.890076 0.000011 79.999969
v -323.890076 16.000017 95.999977
v -315.890076 64.000015 95.999969
v -315.890076 64.000015 79.999962
v -323.890137 72.000023 79.999962
v -323.890137 72.000023 95.999969
v -315.890076 72.000023 63.999962
v -307.890076 0.000013 95.999977
v -355.890076 47.999985 7.999961
v -371.890076 47.999981 7.999960
v -371.890076 63.999981 7.999958
v -355.890076 63.999985 7.999959
v -371.890076 15.999985 7.999965
v -391.890076 15.999981 3.999963
v -391.890076 31.999977 3.999961
v -371.890076 31.999979 7.999963
v -391.890076 59.999981 3.999956
v -371.890076 71.999985 7.999957
v -391.890076 47.999981 3.999959
v -371.890076 -0.000020 7.999968
v -391.890076 -0.000023 3.999966
v -355.890076 -0.000019 7.999969
v -323.890076 48.000015 111.999977
v -307.890076 48.000015 95.999977
v -315.890076 64.000015 95.999969
v -331.890076 64.000015 111.999969
v -339.890076 16.000015 111.999977
v -323.890076 16.000017 95.999977
v -323.890076 32.000023 95.999977
v -339.890076 32.000019 111.999977
v -323.890076 0.000014 111.999977
v -307.890076 0.000013 95.999977
v -323.890137 72.000023 95.999969
v -339.890167 72.000023 111.999962
v -401.590210 0.000023 207.999985
v -401.865326 0.000019 191.999985
v -393.865295 16.000027 191.999985
v -393.590210 16.000027 207.999985
v -393.865295 32.000031 191.999985
v -393.590210 32.000031 207.999985
v -385.590210 48.000023 207.999985
v -385.865295 48.000023 191.999985
v -385.865295 56.000031 191.999985
v -385.590210 56.000031 207.999985
v -339.890076 0.000013 111.999977
v -363.890076 32.000019 111.999977
v -355.890076 32.000019 111.999977
v -355.890076 48.000011 111.999969
v -355.890076 56.000011 111.999962
v -339.890076 64.000008 111.999962
v -387.890076 0.000012 127.999969
v -371.890076 0.000010 111.999977
v -363.890076 16.000015 111.999977
v -379.890076 16.000017 127.999962
v -339.890076 48.000011 111.999977
v -355.890076 16.000015 111.999977
v -379.890076 32.000023 127.999962
v -371.890076 48.000015 127.999962
v -371.890076 56.000023 127.999954
v -401.865326 0.000017 175.999985
v -401.590179 0.000015 159.999969
v -393.590179 16.000019 159.999969
v -393.865295 16.000023 175.999985
v -355.890076 0.000011 111.999977
v -393.865295 32.000023 175.999985
v -385.865295 48.000015 175.999985
v -393.590179 32.000023 159.999969
v -385.865295 56.000023 175.999985
v -385.590179 48.000015 159.999969
v -385.590179 56.000023 159.999969
v -387.890076 32.000023 143.999969
v -379.890076 48.000015 143.999969
v -387.890076 16.000019 143.999969
v -379.890076 56.000023 143.999969
v -395.890076 0.000013 143.999969
v -379.890106 48.000023 223.999985
v -385.590210 48.000023 207.999985
v -385.590210 56.000031 207.999985
v -379.890106 56.000031 223.999985
v -319.090118 32.000046 268.799988
v -338.290100 32.000042 260.799988
v -338.290100 48.000034 260.799988
v -290.290100 0.000042 275.199982
v -319.090118 0.000038 268.799988
v -319.090118 16.000044 268.799988
v -298.290100 16.000046 275.199982
v -338.290100 16.000038 260.799988
v -298.290100 32.000046 275.199982
v -338.290100 0.000036 260.799988
v -355.890106 32.000042 247.999985
v -355.890106 48.000034 247.999985
v -371.890106 0.000031 247.999985
v -379.890106 0.000029 239.999985
v -371.890106 16.000032 239.999985
v -363.890106 16.000036 247.999985
v -355.890106 56.000042 247.999985
v -395.890106 0.000025 223.999985
v -401.590210 0.000023 207.999985
v -393.590210 16.000027 207.999985
v -387.890106 16.000031 223.999985
v -355.890106 0.000033 247.999985
v -355.890106 16.000036 247.999985
v -393.590210 32.000031 207.999985
v -387.890106 32.000031 223.999985
v -363.890106 32.000042 247.999985
v -371.890106 32.000038 239.999985
v -363.890106 48.000034 239.999985
v -363.890106 56.000042 239.999985
v -303.890045 15.999941 -218.400040
v -281.490051 15.999939 -238.400040
v -281.490051 31.999941 -238.400040
v -303.890045 31.999939 -218.400040
v -303.890045 -0.000057 -202.400040
v -281.490051 -0.000058 -222.400040
v -260.690033 -0.000059 -238.400024
v -239.890060 -0.000059 -254.400024
v -239.890045 15.999939 -270.400055
v -260.690033 15.999939 -254.400040
v -281.490051 47.999943 -238.400040
v -303.890045 47.999947 -218.400040
v -281.490051 63.999939 -246.400116
v -219.090042 15.999937 -288.000031
v -219.090042 15.999935 -304.000031
v -219.090042 31.999935 -304.000031
v -219.090042 31.999939 -288.000031
v -260.690033 47.999943 -254.400040
v -260.690033 63.999939 -262.400116
v -239.890045 31.999937 -270.400055
v -219.090042 47.999939 -288.000031
v -239.890045 47.999947 -270.400055
v -219.090042 -0.000061 -272.000031
v -219.090042 -0.000063 -288.000031
v -219.090042 47.999939 -304.000031
v -219.090042 59.199940 -304.000031
v -219.090042 63.999935 -296.000122
v -239.890045 63.999935 -278.400116
v -219.090042 -0.000065 -304.000031
v -260.690033 71.999931 -270.400116
v -260.690033 31.999939 -254.400040
v -239.890045 71.999931 -286.400116
v -263.890106 0.000010 311.199982
v -275.090118 0.000006 292.799988
v -283.090118 16.000004 292.799988
v -263.890106 16.000010 311.199982
v -247.890106 0.000014 327.199982
v -247.890106 16.000011 327.199982
v -239.890106 0.000016 335.199982
v -239.890106 16.000015 335.199982
v -207.890106 0.000036 364.000000
v -223.890106 0.000019 349.599976
v -223.890106 16.000017 349.599976
v -207.890106 16.000036 364.000000
v -283.090118 48.000015 292.799988
v -263.890106 64.000015 311.199982
v -263.890106 48.000015 311.199982
v -223.890106 32.000019 349.599976
v -207.890106 32.000034 364.000000
v -247.890106 48.000015 327.199982
v -247.890106 64.000015 327.199982
v -223.890106 48.000027 365.599976
v -207.890106 48.000046 380.000000
v -223.890106 56.000027 373.599976
v -207.890106 56.000053 388.000000
v -247.890106 32.000015 327.199982
v -239.890106 32.000015 335.199982
v -239.890106 48.000027 351.199982
v -239.890106 56.000027 359.199982
v -263.890106 32.000011 311.199982
v -298.290100 16.000031 275.199982
v -298.290100 32.000023 275.199982
v -283.090118 32.000008 292.799988
v -191.890106 32.000042 380.000000
v -199.890106 48.000046 388.000000
v -290.290100 0.000027 275.199982
v -191.890106 16.000040 380.000000
v -203.890106 56.000053 392.000000
v -191.890106 0.000041 380.000000
v -199.890045 31.999937 -308.800049
v -182.290039 31.999939 -308.800049
v -182.290039 47.999943 -308.800049
v -199.890045 47.999939 -308.800049
v -182.290039 55.999943 -308.800049
v -199.890045 55.999939 -308.800049
v -182.290039 -0.000060 -294.800140
v -164.690033 -0.000060 -298.800018
v -164.690033 15.999940 -306.800049
v -182.290039 15.999938 -302.800049
v -164.690033 47.999943 -308.800049
v -147.090042 47.999947 -308.800049
v -147.090042 55.999947 -308.800049
v -164.690033 55.999943 -308.800049
v -199.890045 -0.000063 -302.800049
v -199.890045 15.999937 -308.800049
v -129.490036 15.999943 -308.800018
v -111.890045 15.999947 -292.800018
v -111.890045 31.999945 -292.800018
v -129.490036 31.999943 -308.800018
v -111.890053 47.999947 -292.800018
v -129.490036 47.999947 -308.800018
v -111.890053 63.999943 -292.800018
v -129.490036 55.999947 -308.800049
v -129.490036 -0.000058 -308.800018
v -111.890045 -0.000054 -292.800018
v -147.090042 -0.000059 -306.800018
v -147.090042 15.999942 -308.800018
v -147.090042 31.999941 -308.800049
v -164.690033 31.999939 -308.800049
v -219.090042 31.999935 -304.000031
v -219.090042 47.999939 -304.000031
v -219.090042 -0.000065 -304.000031
v -219.090042 15.999935 -304.000031
v -219.090042 59.199940 -304.000031
v -91.119995 -0.000008 -1.600008
v -95.071976 -0.000012 -21.840000
v -99.519997 15.999990 -18.400009
v -86.320000 15.999992 -1.600010
v -102.400002 31.999987 -16.000011
v -94.400002 31.999992 -0.000013
v -200.320007 15.999981 -18.400019
v -210.720016 15.999982 -1.600021
v -214.400009 28.799982 -0.000023
v -198.400009 31.999979 -16.000019
v -205.951965 -0.000022 -21.840010
v -217.120010 -0.000019 -1.600019
v -183.520004 15.999978 -35.200012
v -182.400009 28.799982 -32.000019
v -187.471970 -0.000024 -46.720001
v -166.720001 15.999980 -41.920017
v -166.400024 28.799978 -38.400021
v -168.991974 -0.000023 -54.112011
v -149.920013 15.999981 -43.600010
v -150.400009 31.999979 -40.000015
v -150.511978 -0.000021 -55.959999
v -133.120010 15.999983 -41.920013
v -134.400024 28.799982 -38.400021
v -132.031998 -0.000020 -54.112007
v -116.320000 15.999984 -35.200005
v -118.400009 28.799988 -32.000015
v -113.551964 -0.000017 -46.719997
v -210.720016 15.999982 -1.600021
v -215.759995 15.999983 15.199977
v -219.200012 28.799986 15.999975
v -214.400009 28.799982 -0.000023
v -217.120010 -0.000019 -1.600019
v -222.159988 -0.000017 15.199979
v -210.720016 15.999988 31.999975
v -214.400009 28.799986 31.999975
v -217.120010 -0.000015 31.999977
v -193.920013 15.999990 48.799980
v -193.920013 15.999992 65.599976
v -198.400009 31.999994 63.999973
v -198.400009 31.999990 47.999981
v -200.320007 -0.000010 48.799980
v -200.320007 -0.000008 65.599976
v -183.520004 15.999997 82.399971
v -166.720032 15.999999 94.159988
v -166.400024 28.800001 91.199989
v -182.400009 28.799997 79.999977
v -187.472000 -0.000002 93.839958
v -168.991989 0.000001 106.775963
v -149.920029 16.000002 99.199982
v -133.120026 16.000002 94.159988
v -134.400040 28.800005 91.199989
v -150.400024 28.800003 95.999992
v -150.511993 0.000003 112.319962
v -132.032013 0.000005 106.775963
v -116.320007 16.000002 82.399979
v -118.400017 28.800003 79.999977
v -113.551979 0.000004 93.839966
v -94.720001 16.000002 65.599983
v -102.400009 30.400003 63.999981
v -99.520004 0.000001 65.599983
v -94.720001 15.999999 48.799992
v -94.719994 15.999997 31.999985
v -102.400002 30.399996 31.999985
v -102.400009 30.400000 47.999989
v -99.520004 -0.000001 48.799992
v -99.519997 -0.000004 31.999987
v -94.719994 15.999993 15.199987
v -102.400002 31.999994 15.999984
v -99.519997 -0.000007 15.199989
v -86.320000 15.999992 -1.600010
v -94.400002 31.999992 -0.000013
v -91.119995 -0.000008 -1.600008
v -187.890106 48.000050 400.000000
v -199.890106 48.000046 388.000000
v -203.890106 56.000053 392.000000
v -195.890106 56.000057 400.000000
v -168.000015 0.000046 400.000031
v -191.890106 0.000041 380.000000
v -191.890106 16.000040 380.000000
v -167.890106 16.000046 400.000000
v -191.890106 32.000042 380.000000
v -167.890106 32.000046 400.000000
v -150.690094 22.400034 400.000031
v -150.690094 32.000034 400.000000
v -150.690094 48.000042 400.000000
v -150.400040 0.000051 423.200012
v -160.000031 0.000050 423.200012
v -144.000031 0.000051 423.200012
v -127.090103 16.000038 400.000031
v -95.890099 32.000038 368.000031
v -111.890099 32.000034 368.000031
v -95.890106 48.000038 368.000031
v -87.890106 48.000038 368.000031
v -127.090103 32.000038 400.000031
v -115.890099 32.000042 384.000031
v -103.890106 44.000042 384.000031
v -95.890099 16.000038 368.000031
v -111.890099 16.000036 368.000031
v -115.090111 44.000038 400.000031
v -115.890099 16.000036 384.000031
v -103.890099 0.000034 360.000031
v -115.890099 0.000033 360.000031
v -123.890099 0.000036 384.000031
v -136.000015 0.000038 400.000031
v -103.890045 47.999950 -305.600006
v -91.890045 47.999950 -313.600006
v -91.890045 63.999947 -313.600006
v -103.890045 63.999947 -305.600006
v -95.890045 47.999943 -329.600006
v -95.890045 55.999943 -329.600006
v -111.890053 47.999947 -292.800018
v -111.890053 63.999943 -292.800018
v -63.890038 31.999945 -340.800018
v -47.890038 31.999943 -353.600006
v -47.890038 47.999947 -353.600006
v -63.890038 47.999947 -340.800018
v -99.890045 31.999945 -301.600006
v -87.890038 31.999947 -309.600006
v -95.890038 -0.000058 -329.600006
v -79.890038 -0.000057 -329.600006
v -79.890038 15.999944 -329.600006
v -95.890038 15.999942 -329.600006
v -63.890034 -0.000057 -340.800018
v -63.890034 15.999943 -340.800018
v -95.890045 -0.000053 -297.600006
v -83.890038 -0.000053 -305.600006
v -87.890038 15.999945 -309.600006
v -99.890045 15.999946 -301.600006
v -111.890045 31.999945 -292.800018
v -79.890038 31.999943 -329.600006
v -79.890045 47.999943 -329.600006
v -95.890038 31.999943 -329.600006
v -31.890032 -0.000057 -361.600006
v -19.890032 -0.000056 -364.000031
v -19.890034 15.999943 -364.000031
v -31.890034 15.999941 -361.600006
v -19.890034 31.999945 -364.000031
v -31.890034 31.999945 -361.600006
v -19.890036 47.999950 -364.000031
v -31.890036 47.999947 -361.600006
v -15.890034 47.999950 -376.000031
v -15.890036 63.999947 -376.000031
v -19.890038 63.999947 -364.000031
v 0.109917 47.999943 -384.000031
v 0.109916 55.999943 -384.000031
v -15.890029 -0.000059 -380.000031
v -15.890029 15.999939 -388.000031
v -47.890034 -0.000058 -353.600006
v -47.890034 15.999942 -353.600006
v -15.890032 31.999941 -380.000031
v 0.109919 31.999943 -388.000031
v 0.109922 -0.000058 -388.000031
v 0.109921 15.999941 -396.000031
v -31.890038 63.999943 -361.600006
v -47.890038 63.999943 -353.600006
v -79.890045 57.999943 -329.600006
v -111.890045 15.999947 -292.800018
v -111.890045 -0.000054 -292.800018
v -63.890038 61.999947 -340.800018
v -103.890099 0.000032 344.000031
v -103.890099 0.000034 360.000031
v -95.890099 16.000038 368.000031
v -95.890099 16.000034 344.000031
v -95.890099 32.000034 344.000031
v -95.890099 32.000038 368.000031
v -87.890106 48.000038 368.000031
v -87.890106 48.000038 344.000031
v -47.890099 31.980017 340.000366
v -63.890099 32.000038 344.000031
v -63.890099 48.000042 344.000031
v -47.890099 47.980022 344.000031
v -79.890106 48.000038 344.000031
v -79.890106 52.000038 344.000031
v -63.890099 60.000042 344.000031
v -63.890095 16.000034 340.000366
v -79.890099 16.000036 344.000031
v -79.890099 32.000034 344.000031
v -63.890095 0.000034 332.000366
v -79.890099 0.000034 340.000366
v -47.890091 -0.019984 324.000366
v -47.890095 15.980017 332.000366
v -79.890106 52.000038 368.000031
v -63.890099 60.000042 352.000031
v -47.890099 63.980022 344.000031
v -15.890092 15.980020 332.000366
v -31.890095 15.980018 332.000366
v -31.890097 31.980019 340.000366
v -15.890095 31.980019 340.000366
v 0.109855 31.980024 344.000031
v -15.890097 47.980026 344.000031
v 0.109853 47.980026 344.000031
v -15.890099 63.980026 344.000031
v 0.109852 63.980026 344.000031
v 0.109857 15.980022 336.000366
v 0.109859 -0.019979 328.000366
v -15.890091 -0.019982 324.000366
v -31.890099 47.980022 344.000031
v -31.890093 -0.019983 324.000366
v -31.890100 63.980022 344.000031
v 88.109924 15.999954 -352.000031
v 88.109924 15.999956 -344.000031
v 88.109924 31.999954 -352.000031
v 80.109924 31.999950 -388.000031
v 88.109924 31.999950 -380.000031
v 96.109917 47.999958 -376.000031
v 80.109917 47.999950 -384.000031
v 88.109924 15.999952 -368.000031
v 88.109924 31.999950 -368.000031
v 88.109924 -0.000050 -380.000031
v 88.109924 -0.000048 -368.000031
v 88.109924 15.999949 -388.000031
v 80.109932 15.999949 -396.000031
v 96.109917 47.999958 -368.000031
v 96.109917 47.999958 -352.000031
v 112.153717 63.999954 -352.000031
v 112.109962 63.999954 -368.000031
v 64.109917 31.999947 -388.000031
v 64.109909 47.999947 -384.000031
v 112.109962 63.999954 -376.000031
v 88.109924 -0.000046 -351.914459
v 88.109924 -0.000043 -335.828857
v 96.109917 63.999954 -376.000031
v 80.109917 63.999947 -384.000031
v 64.109917 -0.000053 -388.000031
v 80.109924 -0.000051 -388.000031
v 64.109924 15.999947 -396.000031
v 96.109924 -0.000042 -335.828857
v 112.153725 -0.000041 -335.828857
v 112.153725 15.999958 -344.000031
v 96.109924 15.999956 -344.000031
v 32.109924 -0.000055 -388.000031
v 48.109924 -0.000054 -388.000031
v 48.109924 15.999945 -396.000031
v 32.109924 15.999943 -396.000031
v 48.109921 31.999947 -388.000031
v 32.109921 31.999947 -388.000031
v 48.109921 47.999947 -384.000031
v 32.109921 47.999947 -384.000031
v 48.109921 55.999947 -384.000031
v 32.109921 55.999947 -384.000031
v 64.109909 55.999947 -384.000031
v 112.153717 47.999962 -352.000031
v 96.109924 31.999954 -352.000031
v 112.153725 31.999958 -352.000031
v 16.109921 15.999943 -396.000031
v 16.109921 31.999943 -388.000031
v 0.109921 15.999941 -396.000031
v 0.109919 31.999943 -388.000031
v 16.109922 -0.000057 -388.000031
v 16.109919 47.999943 -384.000031
v 0.109922 -0.000058 -388.000031
v 0.109917 47.999943 -384.000031
v 16.109917 55.999943 -384.000031
v 0.109916 55.999943 -384.000031
v 103.040016 -0.000001 -68.923004
v 85.440010 -0.000005 -84.239220
v 85.440010 15.999996 -71.039993
v 103.040016 16.000002 -56.959999
v 86.400009 27.199997 -70.399994
v 102.400009 27.200003 -57.599998
v 15.040003 15.999999 -17.600002
v 29.280001 16.000002 -0.000000
v 36.799999 32.000004 -0.000001
v 22.400002 32.000004 -16.000002
v 15.040004 -0.000001 -17.599998
v 30.880003 0.000003 0.000003
v 6.240003 15.999994 -35.200001
v 14.400001 35.199993 -32.000004
v 6.240005 -0.000005 -38.290562
v 15.040005 15.999994 -46.400002
v 22.400003 31.999996 -48.000008
v 15.040007 -0.000007 -57.435844
v 32.640007 15.999992 -56.960007
v 38.400002 27.199997 -57.600006
v 32.640011 -0.000007 -68.923012
v 50.240013 15.999992 -71.040001
v 54.400005 27.199993 -70.400002
v 50.240013 -0.000008 -84.239220
v 67.840012 15.999994 -76.320000
v 70.400009 27.199995 -75.199997
v 67.840012 -0.000008 -89.982811
v 35.840000 16.000011 52.800007
v 35.839996 16.000015 70.400002
v 43.199993 32.000011 63.999996
v 43.199993 32.000011 48.000000
v 37.440002 0.000011 52.800007
v 37.439999 0.000014 70.400002
v 25.759993 16.000013 88.000008
v 33.599991 28.800016 80.000000
v 27.359993 0.000016 88.000008
v 20.319990 16.000017 105.600006
v 27.199991 32.000019 96.000008
v 20.319992 0.000018 105.600006
v 35.840000 16.000008 35.200005
v 43.199993 32.000011 31.999998
v 37.440002 0.000009 35.200005
v 30.880001 0.000005 17.600002
v 29.279999 16.000006 17.600000
v 36.799999 32.000004 15.999997
v 29.280001 16.000002 -0.000000
v 36.799999 32.000004 -0.000001
v 30.880003 0.000003 0.000003
v 67.839989 0.000029 153.162247
v 85.439987 0.000031 158.905838
v 85.439987 16.000031 146.080002
v 67.839989 16.000029 140.800003
v 86.399986 27.200027 132.800003
v 70.399994 27.200026 128.000000
v 50.239994 0.000025 134.016953
v 50.239994 16.000023 123.200005
v 54.399986 32.000019 112.000008
v 103.039993 0.000033 153.162262
v 103.039993 16.000032 140.800018
v 102.399994 27.200029 128.000000
v 20.319990 16.000017 105.600006
v 32.639992 16.000021 123.200005
v 38.399986 28.800020 112.000008
v 27.199991 32.000019 96.000008
v 20.319992 0.000018 105.600006
v 32.639992 0.000023 134.016953
v 16.109856 15.980023 344.000031
v 0.109857 15.980022 336.000366
v 0.109855 31.980024 344.000031
v 16.109856 31.980026 344.000031
v 32.109856 48.000034 344.000031
v 16.109854 47.980026 344.000031
v 16.109852 63.980026 344.000031
v 32.109856 64.000031 344.000031
v 32.109859 0.000044 344.000031
v 16.109859 -0.019977 336.000366
v 32.109859 16.000046 344.000031
v 32.109856 32.000034 344.000031
v 0.109853 47.980026 344.000031
v 0.109859 -0.019979 328.000366
v 0.109852 63.980026 344.000031
v 96.109856 48.000038 368.000031
v 80.109856 48.000038 360.000031
v 80.109856 64.000046 360.000031
v 96.109856 56.000042 368.000031
v 64.109848 48.000034 352.000031
v 64.109848 64.000031 352.000031
v 64.109856 0.000047 340.000031
v 48.109859 0.000045 344.000031
v 48.109859 16.000046 344.000031
v 64.109856 16.000048 352.000031
v 80.109863 0.000049 348.000031
v 80.109863 16.000050 360.000031
v 48.109856 48.000034 344.000031
v 48.109856 64.000031 344.000031
v 96.109863 32.000042 368.000031
v 80.109863 32.000042 360.000031
v 48.109856 32.000034 344.000031
v 64.109856 32.000038 352.000031
v 96.109863 16.000055 368.000031
v 96.109863 0.000052 356.000031
v 186.222061 71.336357 -347.660736
v 190.984451 71.336357 -339.638794
v 200.119843 74.248764 -343.478760
v 196.144104 74.248764 -351.980957
v 176.153732 63.999962 -344.000031
v 186.350296 63.999962 -337.532104
v 176.153732 47.999966 -344.000031
v 186.350296 47.999966 -337.532104
v 176.153732 31.999962 -344.000031
v 186.350296 31.999966 -337.532104
v 176.153732 15.999965 -336.000031
v 186.350296 15.999966 -337.532104
v 176.153732 -0.000034 -327.828827
v 186.350296 -0.000034 -337.532074
v 196.265305 63.999962 -351.744293
v 196.265305 79.999969 -351.744293
v 176.153732 79.999969 -344.000031
v 199.790543 71.336357 -314.675720
v 208.925949 74.248764 -318.515717
v 195.156387 63.999969 -312.569092
v 195.156387 47.999973 -312.569092
v 195.156387 31.999969 -312.569092
v 195.156387 15.999969 -312.569061
v 195.156403 -0.000031 -312.569061
v 186.370331 -8.000035 -337.546570
v 195.156403 -8.000031 -312.569061
v 112.153725 -0.000041 -335.828857
v 128.153717 -0.000039 -335.828857
v 128.153717 15.999960 -344.000031
v 112.153725 15.999958 -344.000031
v 160.153732 63.999962 -344.000031
v 160.153732 79.999969 -344.000031
v 128.153717 47.999962 -352.000031
v 144.153732 47.999962 -344.000031
v 144.153732 63.999962 -344.000031
v 128.153717 63.999954 -352.000031
v 211.584106 63.999962 -341.519623
v 211.584106 75.840019 -341.519623
v 128.153717 31.999958 -352.000031
v 112.153725 31.999958 -352.000031
v 144.153732 75.999969 -344.000031
v 144.153732 15.999962 -336.000031
v 144.153732 31.999958 -344.000031
v 160.153732 31.999962 -344.000031
v 160.153732 47.999966 -344.000031
v 144.153732 -0.000037 -327.828857
v 160.153732 15.999962 -336.000031
v 160.153732 -0.000036 -327.828857
v 112.153717 47.999962 -352.000031
v 112.153717 63.999954 -352.000031
v 179.309982 15.999984 -285.200012
v 176.109970 15.999973 -270.752625
v 176.109970 31.999973 -270.752625
v 179.309982 31.999983 -285.200012
v 171.309982 -0.000028 -271.600006
v 152.109955 -0.000028 -261.200012
v 159.309967 15.999971 -261.200012
v 192.109970 -0.000018 -303.599976
v 176.109970 -0.000018 -288.399994
v 195.309982 15.999983 -298.799988
v 156.109955 15.999975 -245.199997
v 160.109955 31.999973 -245.199997
v 161.709961 31.999973 -261.200012
v 152.109955 47.999977 -245.199997
v 144.109955 47.999977 -229.000000
v 152.109955 63.999969 -229.000000
v 160.109955 63.999969 -245.199997
v 176.109970 47.999981 -270.036072
v 179.309982 47.999985 -285.200012
v 195.156403 -0.000031 -312.569061
v 195.156403 -8.000031 -312.569061
v 138.859955 47.999985 -212.774994
v 146.859955 63.999977 -212.774994
v 195.309982 31.999981 -298.800018
v 152.109955 31.999977 -229.000000
v 146.859955 31.999981 -212.774994
v 195.309982 47.999985 -298.800018
v 148.109955 15.999977 -229.000000
v 142.859955 15.999979 -212.774994
v 179.309982 55.999985 -285.200012
v 195.309982 63.999985 -298.800018
v 136.109955 -0.000024 -229.000000
v 130.859955 -0.000022 -212.774994
v 202.540588 74.760338 -306.197235
v 209.942703 79.528740 -312.983917
v 208.925949 74.248764 -318.515717
v 199.790543 71.336357 -314.675720
v 195.156387 63.999969 -312.569092
v 195.156387 47.999973 -312.569092
v 195.156387 31.999969 -312.569092
v 195.156387 15.999969 -312.569061
v 160.109955 47.999981 -261.200012
v 144.109955 -0.000026 -245.199997
v 168.109955 63.999969 -261.200012
v 176.109970 55.999973 -270.274902
v 195.309967 48.000004 -111.999992
v 216.109970 48.000008 -97.599991
v 203.309967 64.000000 -112.000000
v 157.709961 31.999989 -143.999985
v 181.709961 31.999994 -127.999985
v 173.709961 47.999996 -127.999985
v 149.709961 47.999992 -143.999985
v 152.109955 31.999989 -159.999985
v 144.109955 47.999992 -159.999985
v 141.709961 -0.000011 -143.999985
v 165.709961 -0.000007 -127.999985
v 177.709961 15.999994 -127.999985
v 153.709961 15.999990 -143.999985
v 199.309967 15.999999 -111.999992
v 220.109970 16.000002 -97.599991
v 224.109970 32.000004 -97.599991
v 203.309967 32.000000 -111.999992
v 187.309967 -0.000002 -111.999992
v 208.109970 0.000002 -97.599991
v 181.709961 63.999996 -128.000000
v 157.709961 63.999985 -143.999985
v 148.109955 15.999987 -159.999985
v 136.109955 -0.000014 -159.999985
v 146.859955 31.999981 -212.774994
v 140.109955 31.999981 -192.000000
v 132.109955 47.999985 -192.000000
v 138.859955 47.999985 -212.774994
v 140.109955 63.999977 -192.000015
v 146.859955 63.999977 -212.774994
v 142.859955 15.999979 -212.774994
v 136.109955 15.999981 -192.000000
v 130.859955 -0.000022 -212.774994
v 124.109962 -0.000019 -192.000000
v 144.109955 15.999985 -176.000000
v 148.109955 31.999985 -176.000000
v 140.109955 47.999992 -176.000000
v 152.109955 63.999985 -159.999985
v 148.109955 63.999985 -176.000000
v 132.109955 -0.000016 -176.000000
v 136.480011 0.000012 0.000012
v 138.240005 0.000010 -17.599989
v 138.240005 16.000008 -17.599991
v 136.480011 16.000011 0.000010
v 134.400009 28.800009 -15.999992
v 132.800003 28.800013 0.000007
v 136.480011 0.000006 -35.199989
v 136.480011 16.000008 -35.199989
v 132.800003 28.800009 -31.999992
v 120.640015 0.000002 -57.435833
v 120.640015 16.000004 -46.399994
v 118.400017 32.000004 -48.000000
v 103.040016 -0.000001 -68.923004
v 103.040016 16.000002 -56.959999
v 102.400009 27.200003 -57.599998
v 145.279999 0.000026 88.000023
v 140.000000 0.000023 70.400017
v 140.000000 16.000023 70.400009
v 145.279999 16.000025 88.000023
v 136.000000 28.800024 64.000008
v 140.800003 28.800024 80.000008
v 139.999985 0.000030 114.871704
v 139.999985 16.000027 105.600014
v 135.999985 28.800028 96.000015
v 120.639999 16.000019 52.800011
v 118.400002 32.000019 48.000008
v 120.639999 0.000019 52.800014
v 115.360008 16.000013 35.200008
v 120.640007 16.000015 17.600008
v 118.400009 32.000011 16.000006
v 113.600006 32.000019 32.000004
v 115.360008 0.000016 35.200012
v 120.640007 0.000013 17.600012
v 136.480011 16.000011 0.000010
v 132.800003 28.800013 0.000007
v 136.480011 0.000012 0.000012
v 120.639992 0.000031 134.016968
v 139.999985 0.000030 114.871704
v 139.999985 16.000027 105.600014
v 120.639999 16.000031 123.200012
v 135.999985 28.800028 96.000015
v 118.400002 32.000027 112.000015
v 103.039993 0.000033 153.162262
v 103.039993 16.000032 140.800018
v 102.399994 27.200029 128.000000
v 160.109909 48.000061 376.000031
v 144.109909 48.000057 376.000031
v 144.109909 56.000057 376.000031
v 160.109909 56.000061 376.000031
v 176.109909 16.000063 368.000031
v 160.109909 16.000061 376.000031
v 160.109909 32.000057 376.000031
v 176.109909 32.000061 368.000031
v 144.109909 32.000057 376.000031
v 144.109909 0.000056 364.000031
v 128.109909 0.000055 364.000031
v 128.109909 16.000057 376.000031
v 144.109909 16.000059 376.000031
v 128.109909 32.000053 376.000031
v 176.109909 48.000061 368.000031
v 176.109909 64.000069 368.000031
v 192.109909 32.000069 360.000031
v 192.109909 48.000072 360.000031
v 192.109909 64.000084 360.000031
v 128.109909 48.000057 376.000031
v 128.109909 56.000057 376.000031
v 112.109909 32.000053 368.000031
v 112.109901 48.000057 368.000031
v 112.109901 56.000057 368.000031
v 192.109909 0.000071 348.000061
v 176.109909 0.000059 356.000061
v 192.109909 16.000072 360.000061
v 160.109909 0.000058 364.000031
v 112.109909 0.000053 356.000031
v 112.109909 16.000055 368.000031
v 208.109924 32.000072 352.000061
v 208.109924 48.000076 352.000031
v 208.109924 16.000074 352.000061
v 208.109924 0.000071 340.000061
v 208.109924 64.000069 352.000031
v 96.109863 0.000052 356.000031
v 96.109863 16.000055 368.000031
v 96.109863 32.000042 368.000031
v 96.109856 48.000038 368.000031
v 96.109856 56.000042 368.000031
v 233.709946 16.000025 -57.599983
v 248.109955 16.000025 -47.999985
v 248.109955 32.000027 -47.999989
v 233.709946 32.000023 -57.599987
v 256.109955 16.000046 -31.999981
v 248.109955 32.000042 -31.999983
v 252.109955 48.000042 -31.999985
v 252.109955 48.000031 -47.999989
v 219.309952 16.000019 -76.799988
v 219.309952 32.000015 -76.799988
v 262.109955 0.000044 -31.999977
v 262.109955 0.000047 -15.999977
v 256.109955 16.000046 -15.999980
v 248.109955 0.000048 0.000022
v 248.109955 16.000048 0.000019
v 208.109970 0.000015 -97.599976
v 207.309952 0.000019 -64.799988
v 220.109940 16.000015 -97.599991
v 233.709946 48.000027 -57.599991
v 224.109406 32.000015 -97.599991
v 219.309952 48.000019 -76.799988
v 216.110001 48.000019 -97.599991
v 219.309952 64.000023 -76.799995
v 248.109955 32.000050 -15.999984
v 248.109955 32.000050 0.000017
v 252.109955 48.000050 0.000014
v 252.109955 48.000050 -15.999986
v 233.709946 64.000023 -57.599991
v 221.709946 0.000024 -45.599983
v 244.109955 0.000026 -43.999981
v 200.109940 16.000055 80.000015
v 194.109924 16.000059 96.000023
v 208.109940 32.000061 96.000023
v 208.109955 32.000061 80.000015
v 208.109955 48.000061 80.000015
v 214.109940 48.000061 96.000023
v 214.109940 64.000061 96.000015
v 208.109955 64.000061 80.000008
v 226.109955 16.000053 44.000023
v 216.109955 16.000053 48.000023
v 216.109955 32.000053 48.000015
v 226.109955 32.000053 44.000019
v 244.109955 0.000049 8.000021
v 226.109955 0.000048 12.000021
v 230.109955 16.000048 12.000019
v 244.109955 16.000048 8.000019
v 208.109940 80.000069 96.000015
v 208.109955 80.000069 80.000008
v 192.109940 0.000055 80.000015
v 184.109924 0.000056 96.000023
v 208.109955 48.000053 64.000015
v 208.109955 64.000061 64.000008
v 208.109955 32.000053 64.000015
v 226.109955 32.000053 28.000017
v 236.109955 48.000053 44.000015
v 236.109955 48.000053 28.000015
v 192.109940 0.000053 64.000015
v 200.109940 16.000055 64.000015
v 216.109955 48.000053 48.000015
v 216.109955 64.000046 48.000015
v 236.109955 64.000053 44.000015
v 222.109955 0.000052 44.000023
v 208.109955 0.000052 48.000023
v 222.109955 0.000049 28.000021
v 226.109955 16.000050 28.000019
v 252.109955 64.000053 44.000019
v 252.109955 64.000053 28.000013
v 248.109955 0.000048 0.000022
v 248.109955 16.000048 0.000019
v 208.109955 78.000069 64.000008
v 252.109955 48.000050 0.000014
v 244.109558 48.000050 8.000014
v 252.109558 56.000057 8.000014
v 248.109955 32.000050 0.000017
v 244.109955 32.000050 8.000016
v 240.109955 48.000050 12.000014
v 252.109955 60.000057 12.000013
v 230.109955 32.000046 12.000016
v 216.109940 32.000069 160.000015
v 224.109940 32.000053 160.000015
v 224.109940 48.000057 160.000015
v 216.109940 48.000069 160.000015
v 208.109940 32.000069 144.000015
v 208.109940 48.000069 144.000015
v 214.109940 48.000061 96.000023
v 214.109940 48.000061 112.000023
v 214.109940 64.000061 112.000015
v 214.109940 64.000061 96.000015
v 200.109924 16.000067 144.000015
v 208.109940 16.000069 160.000015
v 224.109940 16.000053 160.000015
v 192.109924 0.000062 128.000015
v 192.109924 0.000065 144.000015
v 200.109924 16.000063 128.000015
v 200.109924 0.000068 160.000015
v 224.109940 0.000054 160.000015
v 208.109940 48.000069 128.000015
v 208.109940 64.000061 128.000015
v 208.109940 64.000061 144.000015
v 216.109940 64.000076 160.000015
v 224.109940 64.000069 160.000015
v 194.109924 16.000059 96.000023
v 194.109924 16.000059 112.000023
v 208.109940 32.000061 112.000023
v 208.109940 32.000061 96.000023
v 184.109924 0.000056 96.000023
v 184.109924 0.000058 112.000023
v 256.109924 0.000062 192.000031
v 256.109924 0.000065 208.000031
v 256.109924 16.000065 208.000031
v 256.109924 16.000065 192.000031
v 258.109924 32.000065 208.000031
v 258.109924 32.000065 192.000031
v 232.109940 16.000059 176.000031
v 240.109940 16.000059 176.000031
v 242.109940 32.000057 176.000031
v 232.109940 32.000053 176.000031
v 250.109940 48.000061 176.000031
v 232.109940 48.000057 176.000031
v 250.109940 62.500061 176.000031
v 232.109940 64.000069 176.000031
v 266.109924 48.000069 208.000031
v 266.109924 48.000069 192.000031
v 232.109940 0.000057 176.000031
v 240.109940 0.000058 176.000031
v 272.109924 60.000069 192.000031
v 256.109924 60.000061 176.000031
v 208.109940 32.000069 128.000015
v 272.109924 60.000069 208.000031
v 208.109940 78.000069 144.000015
v 208.109940 80.000069 128.000015
v 208.109940 80.000069 112.000015
v 208.109940 80.000069 96.000015
v 256.109924 16.000069 224.000031
v 256.109924 16.000084 240.000031
v 258.109924 32.000088 240.000031
v 258.109924 32.000065 224.000031
v 256.109924 0.000067 224.000031
v 256.109924 0.000084 240.000031
v 266.109924 48.000069 208.000031
v 266.109924 48.000069 224.000031
v 272.109924 60.000069 224.000031
v 272.109924 60.000069 208.000031
v 266.109924 48.000088 240.000031
v 272.109924 60.000095 240.000031
v 256.109924 16.000065 208.000031
v 258.109924 32.000065 208.000031
v 248.109924 0.000089 272.000031
v 248.109924 0.000091 288.000031
v 248.109924 16.000090 288.000031
v 248.109924 16.000090 272.000031
v 258.109924 48.000088 256.000031
v 258.109924 48.000088 272.000031
v 262.109924 56.000095 272.000031
v 262.109924 56.000095 256.000031
v 250.109940 32.000088 256.000031
v 250.109924 32.000088 272.000031
v 248.109940 16.000086 256.000031
v 240.109924 16.000093 304.000031
v 242.109924 32.000095 304.000031
v 250.109924 32.000095 288.000031
v 258.109924 48.000095 288.000031
v 250.109924 48.000095 304.000031
v 254.109924 56.000103 304.000031
v 262.109924 56.000103 288.000031
v 248.109940 0.000086 256.000031
v 240.109924 0.000093 304.000031
v 256.109924 0.000065 208.000031
v 242.109924 32.000095 304.000031
v 234.909912 32.000092 318.400055
v 242.909912 48.000095 318.400055
v 250.109924 48.000095 304.000031
v 235.709915 48.000099 332.000061
v 239.709915 56.000107 332.000061
v 246.909912 56.000103 318.400055
v 254.109924 56.000103 304.000031
v 240.109924 16.000093 304.000031
v 232.909912 16.000097 318.400055
v 225.709915 16.000095 332.000061
v 208.109924 16.000074 352.000061
v 208.109924 32.000072 352.000061
v 227.709915 32.000099 332.000061
v 208.109924 48.000076 352.000031
v 208.109924 64.000069 352.000031
v 225.709915 0.000096 332.000061
v 208.109924 0.000071 340.000061
v 232.909912 0.000094 318.400055
v -166.400024 36.799988 -16.000017
v -166.400024 36.799988 -0.000020
v -150.400009 36.799992 -0.000019
v -150.400009 36.799992 -16.000015
v -166.400024 28.799978 -38.400021
v -150.400009 31.999979 -40.000015
v -182.400009 36.799988 -16.000019
v -182.400009 36.799988 -0.000022
v -182.400009 28.799982 -32.000019
v -134.400024 36.799992 -16.000015
v -134.400024 28.799982 -38.400021
v -198.400009 31.999979 -16.000019
v -198.400009 31.999983 -0.000022
v -102.400002 31.999990 -0.000013
v -94.400002 31.999992 -0.000013
v -102.400002 31.999987 -16.000011
v -134.400024 36.799992 -0.000018
v -214.400009 28.799982 -0.000023
v -118.400009 31.999987 -16.000013
v -118.400009 28.799988 -32.000015
v -118.400009 31.999990 -0.000015
v -102.400002 31.999990 -0.000013
v -102.400002 31.999994 15.999984
v -94.400002 31.999992 -0.000013
v -118.400017 32.000000 63.999981
v -118.400017 28.800003 79.999977
v -102.400009 30.400003 63.999981
v -134.400024 32.000000 79.999977
v -134.400040 28.800005 91.199989
v -182.400009 28.799997 79.999977
v -166.400040 28.800001 91.199989
v -166.400024 31.999996 79.999977
v -198.400009 31.999994 63.999973
v -182.400009 31.999996 63.999973
v -198.400009 31.999987 31.999977
v -214.400009 28.799986 31.999975
v -198.400009 31.999990 47.999981
v -182.400009 36.799988 15.999976
v -182.400009 31.999989 31.999977
v -166.400024 36.799995 31.999979
v -166.400024 36.799988 15.999978
v -118.400017 31.999998 47.999989
v -102.400009 30.400000 47.999989
v -118.400009 31.999994 31.999983
v -102.400002 30.399996 31.999985
v -118.400009 31.999994 15.999983
v -118.400009 31.999990 -0.000015
v -150.400009 36.799992 15.999979
v -150.400009 36.799999 31.999981
v -134.400024 31.999992 31.999983
v -134.400024 36.799992 15.999981
v -166.400024 31.999992 47.999985
v -150.400009 31.999994 47.999985
v -134.400024 31.999996 47.999985
v -134.400024 32.000000 63.999977
v -134.400024 36.799992 -0.000018
v -166.400024 36.799988 -0.000020
v -150.400009 36.799992 -0.000019
v -150.400009 31.999998 79.999977
v -150.400024 28.800003 95.999992
v -166.400024 31.999996 63.999977
v -150.400009 31.999998 63.999977
v -214.400009 28.799982 -0.000023
v -219.200012 28.799986 15.999975
v -198.400009 31.999987 15.999975
v -198.400009 31.999983 -0.000022
v -182.400009 31.999992 47.999981
v -182.400009 36.799988 -0.000022
v 39.254982 -0.800026 -196.800003
v 48.109947 -0.800026 -196.800003
v 50.509949 -0.800027 -208.000015
v 39.309948 -0.800028 -208.000015
v 32.000019 -0.800027 -196.800003
v 28.109943 -0.800029 -208.000015
v 39.309948 -0.800030 -219.200012
v 32.000019 -0.800031 -219.200012
v 48.000023 -0.800029 -219.200012
v 102.400002 34.719990 -31.999996
v 102.400009 32.000000 -48.000000
v 86.400009 34.719990 -48.000004
v 70.400009 34.719990 -48.000004
v 70.400009 27.199995 -75.199997
v 54.400005 27.199993 -70.400002
v 54.400002 34.719986 -48.000004
v 70.400002 34.719990 -31.999998
v 54.400002 34.719986 -32.000000
v 70.400002 34.719997 -15.999999
v 54.399998 34.719994 -16.000000
v 70.400002 34.719997 0.000001
v 54.399998 34.719994 -0.000001
v 38.400002 27.199997 -57.600006
v 38.400002 31.999996 -48.000008
v 38.399998 32.000004 -16.000002
v 38.400002 31.999998 -32.000004
v 22.400002 31.999998 -32.000004
v 22.400002 32.000004 -16.000002
v 102.400002 34.719997 0.000003
v 102.400002 34.719997 -15.999996
v 86.400002 34.719997 -15.999998
v 86.400002 34.719997 0.000002
v 86.400002 34.719990 -31.999996
v 22.400003 31.999996 -48.000008
v 36.799999 32.000004 -0.000001
v 86.400009 27.199997 -70.399994
v 14.400001 35.199993 -32.000004
v 102.400009 27.200003 -57.599998
v 54.399990 32.000019 80.000000
v 54.399994 32.000011 63.999996
v 43.199993 32.000011 63.999996
v 33.599991 28.800016 80.000000
v 54.399994 32.000011 48.000004
v 43.199993 32.000011 48.000000
v 70.399994 30.400023 112.000015
v 70.399994 32.000004 96.000008
v 54.399990 32.000019 96.000008
v 54.399986 32.000019 112.000008
v 86.400002 34.719997 16.000004
v 86.400002 34.719997 0.000002
v 70.400002 34.719997 0.000001
v 70.400002 32.000008 16.000002
v 86.400002 34.720005 32.000000
v 70.400002 32.000015 32.000000
v 86.399994 32.000004 48.000004
v 70.399994 32.000015 48.000004
v 70.399994 27.200026 128.000000
v 70.399994 32.000015 63.999996
v 86.399994 32.000008 64.000008
v 86.399994 32.000004 80.000008
v 70.399994 32.000004 80.000000
v 54.399994 32.000011 32.000000
v 54.399998 32.000004 15.999999
v 36.799999 32.000004 15.999997
v 43.199993 32.000011 31.999998
v 38.399990 32.000019 96.000008
v 27.199991 32.000019 96.000008
v 38.399986 28.800020 112.000008
v 86.399994 32.000008 96.000015
v 86.399994 30.400024 112.000015
v 86.399986 27.200027 132.800003
v 54.399998 34.719994 -0.000001
v 36.799999 32.000004 -0.000001
v 102.399994 27.200029 128.000000
v 102.399994 30.400026 112.000015
v 102.399994 32.000008 96.000015
v 102.399994 32.000008 80.000008
v 102.399994 32.000008 64.000008
v 102.399994 32.000008 48.000008
v 102.400002 34.720005 32.000004
v 102.400002 34.719997 16.000004
v 102.400002 34.719997 0.000003
v 118.400017 32.000004 -48.000000
v 102.400009 27.200003 -57.599998
v 102.400009 32.000000 -48.000000
v 118.400009 32.000004 -31.999994
v 102.400002 34.719990 -31.999996
v 118.400009 32.000011 -15.999995
v 102.400002 34.719997 -15.999996
v 118.400009 32.000011 0.000006
v 102.400002 34.719997 0.000003
v 132.800003 28.800009 -31.999992
v 134.400009 28.800009 -15.999992
v 132.800003 28.800013 0.000007
v 118.400009 32.000011 16.000006
v 132.800003 28.800013 0.000007
v 118.400009 32.000011 0.000006
v 118.400002 31.920025 80.000008
v 118.400002 31.920029 96.000015
v 135.999985 28.800028 96.000015
v 140.800003 28.800024 80.000008
v 118.400002 32.000019 64.000008
v 136.000000 28.800024 64.000008
v 118.400002 32.000019 48.000008
v 118.400002 32.000027 112.000015
v 102.399994 30.400026 112.000015
v 102.399994 27.200029 128.000000
v 102.400002 34.719997 0.000003
v 102.400002 34.719997 16.000004
v 102.399994 32.000008 96.000015
v 113.600006 32.000019 32.000004
v 102.400002 34.720005 32.000004
v 102.399994 32.000008 48.000008
v 102.399994 32.000008 64.000008
v 102.399994 32.000008 80.000008
v -96.000031 -7.999959 293.200012
v -112.000031 -7.999961 292.000000
v -112.000031 0.000035 296.000000
v -96.000031 0.000036 297.600006
v -96.000031 -15.999964 288.800018
v -112.000031 -15.999966 288.000000
v -128.000031 -7.999966 268.000000
v -112.000031 -7.999966 260.800018
v -112.000031 0.000029 257.600006
v -128.000031 0.000029 264.000000
v -128.000031 -15.999969 272.000000
v -112.000031 -15.999970 264.000000
v -96.000031 -15.999966 272.000000
v -96.000031 -15.999969 256.000000
v -112.000031 -15.999968 272.000000
v -160.000031 -15.999968 304.000000
v -160.000031 -15.999969 288.000000
v -176.000046 -15.999969 304.000000
v -144.000031 -15.999969 288.000000
v -144.000031 -7.999965 284.400024
v -160.800034 -7.999966 284.000000
v -97.200027 -7.999965 253.199997
v -98.400024 0.000029 250.399994
v -128.000031 -15.999966 304.000000
v -128.000031 -15.999969 288.000000
v -144.000031 -15.999968 304.000000
v -144.000031 0.000030 280.800018
v -161.600037 0.000028 280.000000
v -178.400040 -7.999965 300.400024
v -180.800034 0.000029 296.799988
v -128.000031 -7.999959 308.400024
v -128.000031 0.000036 312.800018
v -128.000031 -15.999966 304.000000
v -144.000031 -15.999968 304.000000
v -143.200043 -7.999960 308.600006
v -128.000031 -7.999959 308.400024
v -142.400040 0.000035 313.200012
v -128.000031 0.000036 312.800018
v -178.400040 -15.999965 336.000031
v -176.000046 -15.999968 320.000000
v -180.800034 -7.999963 318.800018
v -183.600037 -7.999960 336.000000
v -185.600037 0.000032 317.599976
v -188.800034 0.000034 336.000000
v -160.000031 -15.999962 336.000031
v -160.000031 -15.999967 320.000000
v -176.000046 -15.999962 352.000031
v -181.200043 -7.999957 352.000031
v -186.400040 0.000037 352.000000
v -155.200043 -7.999958 336.000031
v -155.200043 -7.999959 320.800018
v -150.400040 0.000037 336.000031
v -150.400040 0.000035 321.600006
v -158.400040 -15.999960 352.000031
v -153.200043 -7.999955 352.000031
v -148.000031 0.000039 352.000031
v -160.000031 -15.999960 368.000031
v -176.000046 -15.999960 368.000031
v -156.000031 -7.999953 368.000000
v -152.000031 0.000038 368.000000
v -176.000046 -15.999958 384.000031
v -179.257187 -7.999955 368.000031
v -180.000046 -7.999952 384.000031
v -182.514328 0.000040 368.000000
v -184.000046 0.000042 384.000000
v -160.000031 -15.999968 304.000000
v -176.000046 -15.999969 304.000000
v -160.000031 -15.999956 384.000031
v -160.000031 -15.999952 400.000031
v -164.000046 -7.999949 400.000031
v -168.000015 0.000046 400.000031
v -144.000031 -15.999954 400.000031
v -155.600037 -7.999950 384.000031
v -151.200043 0.000045 384.000031
v -140.000015 -7.999947 400.000031
v -136.000015 0.000038 400.000031
v -178.400040 -7.999965 300.400024
v -180.800034 0.000029 296.799988
v -144.000031 -15.999952 416.000031
v -160.000031 -15.999950 416.000031
v -160.000031 -7.999946 419.600006
v -144.000031 -7.999945 419.600006
v -160.000031 0.000050 423.200012
v -144.000031 0.000051 423.200012
v -19.199989 -8.000021 -160.800003
v -15.999987 -8.000023 -176.000015
v -19.999985 -0.000028 -176.000015
v -22.399988 -0.000026 -161.600006
v -15.999985 -16.000025 -160.000000
v -11.999985 -16.000029 -176.000015
v -64.399994 -8.000017 -113.200012
v -50.399990 -8.000018 -129.600006
v -52.799992 -0.000025 -131.200012
v -67.999992 -0.000024 -114.400017
v -33.999989 -8.000020 -145.600006
v -35.999989 -0.000025 -147.200012
v -47.999992 -16.000023 -128.000000
v -31.999985 -16.000025 -144.000000
v 0.000015 -16.000023 -160.000000
v 0.000017 -16.000027 -176.000015
v -3.999984 -8.000024 -192.000015
v -2.399983 -8.000025 -208.000015
v -6.399982 -0.000032 -208.000015
v -7.999983 -0.000029 -192.000015
v 0.000018 -16.000031 -192.000015
v 1.600020 -16.000031 -208.000015
v -60.799992 -16.000021 -112.000015
v -47.999992 -16.000019 -112.000008
v -31.999989 -16.000017 -112.000008
v -31.999987 -16.000021 -128.000000
v -12.399985 -8.000015 -128.000000
v -27.999989 -8.000014 -112.000008
v -23.999992 -0.000019 -112.000008
v -7.199989 -0.000020 -128.000000
v -17.599987 -16.000021 -128.000000
v -15.999987 -16.000025 -144.000000
v -67.999992 -8.000016 -96.000015
v -71.999992 -0.000021 -96.000015
v -63.999992 -16.000021 -96.000015
v -10.799984 -8.000017 -143.200012
v -47.999996 -16.000019 -96.000008
v -27.999990 -8.000012 -96.000008
v -23.999994 -0.000016 -96.000008
v -5.599988 -0.000022 -142.400009
v -31.999990 -16.000017 -96.000008
v 1.600014 -8.000018 -154.400009
v 3.200013 -0.000022 -148.800003
v -48.000000 -16.000008 -32.000004
v -33.600002 -16.000008 -16.000000
v -29.599995 -8.000000 -16.000002
v -43.999996 -8.000004 -32.000004
v -48.000004 -16.000008 -16.000002
v -46.399998 -16.000011 -48.000008
v -62.399998 -16.000013 -48.000008
v -63.999996 -16.000010 -32.000004
v -42.399994 -8.000006 -48.000008
v -39.999996 -0.000008 -32.000004
v -38.399998 -0.000011 -48.000008
v -52.000004 -8.000000 -0.000003
v -68.800003 -8.000003 -16.000006
v -72.800003 -0.000009 -16.000006
v -56.000004 -0.000005 -0.000005
v -31.999998 -16.000002 -0.000001
v -48.000004 -16.000004 -0.000002
v -66.399994 -8.000009 -48.000008
v -68.000000 -8.000007 -32.000004
v -70.399994 -0.000014 -48.000011
v -72.000000 -0.000011 -32.000008
v -48.000000 -16.000015 -64.000000
v -63.999996 -16.000017 -64.000008
v -43.999996 -8.000009 -64.000000
v -39.999996 -0.000013 -64.000000
v -67.999992 -8.000010 -64.000008
v -71.999992 -0.000016 -64.000008
v -27.999998 -7.999997 -0.000001
v -24.000002 -0.000002 -0.000002
v -25.599998 -0.000004 -16.000002
v -64.800003 -16.000010 -16.000002
v -69.599998 -8.000012 -80.000008
v -67.999992 -8.000016 -96.000015
v -71.999992 -0.000021 -96.000015
v -73.599998 -0.000018 -80.000008
v -65.599998 -16.000017 -80.000008
v -63.999992 -16.000021 -96.000015
v -49.599995 -16.000015 -80.000000
v -47.999996 -16.000019 -96.000008
v -27.999990 -8.000012 -96.000008
v -45.599991 -8.000010 -80.000000
v -41.599995 -0.000016 -80.000000
v -23.999994 -0.000016 -96.000008
v -31.999990 -16.000017 -96.000008
v -12.000001 -7.999988 48.000004
v -15.200003 -7.999986 64.000000
v -11.200006 0.000009 64.000000
v -8.000004 0.000007 48.000004
v -16.000004 -15.999994 48.000004
v -19.200005 -15.999992 64.000000
v -32.000004 -15.999992 64.000000
v -32.000004 -15.999994 48.000004
v -40.000004 -15.999994 63.999996
v -48.000011 -15.999992 80.000000
v -43.600006 -7.999989 62.799999
v -51.600010 -7.999987 78.399994
v -47.200005 0.000006 61.599998
v -55.200008 0.000007 76.799995
v -48.000004 -7.999997 15.999997
v -52.000004 -8.000000 -0.000003
v -56.000004 -0.000005 -0.000005
v -51.200001 -0.000002 15.999995
v -44.800003 -16.000000 15.999998
v -48.000004 -16.000004 -0.000002
v -32.000008 -15.999987 96.000008
v -32.000004 -15.999990 80.000000
v -48.000011 -15.999989 96.000008
v -32.000000 -15.999999 15.999999
v -31.999998 -16.000002 -0.000001
v -27.999998 -7.999997 -0.000001
v -11.999998 -7.999992 16.000000
v -8.000001 0.000002 15.999999
v -24.000002 -0.000002 -0.000002
v -16.000000 -15.999999 16.000002
v -49.600006 -7.999995 31.999996
v -53.600006 0.000000 31.999996
v -45.600006 -15.999999 32.000000
v -32.000000 -15.999996 32.000000
v -16.000006 -15.999990 80.000000
v -29.200008 -7.999982 98.000008
v -12.000004 -7.999984 80.400002
v -26.400011 0.000013 100.000008
v -8.000007 0.000011 80.800003
v -15.200000 -7.999991 32.000000
v -11.200004 0.000003 31.999998
v -19.200001 -15.999996 32.000000
v -61.853668 -15.999990 96.000000
v -36.000004 -7.999990 48.000000
v -40.000004 0.000004 48.000000
v -65.326843 -7.999986 94.799995
v -68.800011 0.000008 93.599998
v -81.600021 -7.999978 160.000000
v -84.000023 -7.999980 144.000000
v -88.000023 0.000014 143.999985
v -85.600021 0.000017 160.000000
v -77.600021 -15.999983 160.000000
v -80.000015 -15.999987 144.000000
v -80.000015 -15.999981 176.000015
v -84.000023 -7.999976 176.000015
v -88.000023 0.000019 176.000000
v -48.000015 -15.999987 112.000008
v -48.000011 -15.999989 96.000008
v -61.853668 -15.999990 96.000000
v -64.000008 -15.999989 112.000000
v -57.200020 -7.999976 160.000000
v -60.000019 -7.999974 176.000015
v -56.000019 0.000021 176.000015
v -52.800018 0.000019 160.000000
v -61.600018 -15.999981 160.000000
v -64.000015 -15.999979 176.000015
v -64.000008 -15.999987 127.999992
v -80.000008 -15.999989 127.999992
v -32.000008 -15.999987 96.000008
v -44.000011 -7.999981 112.000008
v -29.200008 -7.999982 98.000008
v -40.000011 0.000013 112.000008
v -26.400011 0.000013 100.000008
v -48.000015 -15.999985 123.200005
v -65.326843 -7.999986 94.799995
v -68.400009 -7.999985 110.399994
v -68.800011 0.000008 93.599998
v -72.800011 0.000010 108.799995
v -85.200012 -7.999982 127.999992
v -90.400009 0.000012 127.999992
v -44.800011 -7.999979 124.400009
v -41.600014 0.000015 125.600006
v -59.200016 -7.999980 129.200012
v -60.000015 -7.999978 144.000000
v -56.000015 0.000017 144.000000
v -54.400013 0.000015 130.400009
v -64.000015 -15.999985 144.000000
v -64.000015 -15.999977 192.000015
v -60.000019 -7.999972 192.000015
v -56.000019 0.000024 192.000015
v -64.000015 -15.999975 208.000015
v -78.400017 -15.999979 192.000015
v -81.600021 -15.999977 208.000015
v -82.000023 -7.999974 192.000015
v -85.600021 0.000021 192.000015
v -86.800018 -7.999970 208.000015
v -92.000023 0.000024 208.000000
v -59.200024 -7.999968 208.000015
v -54.400021 0.000027 208.000015
v -44.000023 -7.999962 240.000015
v -60.000027 -7.999960 256.000000
v -56.000027 0.000033 256.000000
v -40.000023 0.000033 240.000015
v -48.000027 -15.999968 240.000015
v -64.000023 -15.999968 256.000000
v -64.000023 -15.999969 240.000015
v -80.000023 -15.999972 240.000015
v -80.000023 -15.999969 256.000000
v -96.000031 -15.999969 256.000000
v -80.000023 -15.999964 286.400024
v -96.000031 -15.999964 288.800018
v -96.000031 -7.999959 293.200012
v -78.000023 -7.999958 290.400024
v -64.000023 -15.999964 272.000000
v -80.000023 -15.999966 272.000000
v -96.000031 0.000036 297.600006
v -76.000023 0.000038 294.400024
v -45.600021 -15.999969 224.000015
v -64.000023 -15.999971 224.000015
v -96.000031 -15.999966 272.000000
v -41.200016 -7.999965 224.000015
v -36.800022 0.000031 224.000015
v -59.200024 -7.999968 208.000015
v -54.400021 0.000027 208.000015
v -64.000015 -15.999975 208.000015
v -81.600021 -15.999977 208.000015
v -80.000023 -15.999973 224.000015
v -60.400024 -7.999959 273.600006
v -56.800026 0.000037 275.200012
v -84.000031 -7.999969 224.000015
v -84.378410 -7.999966 239.200012
v -88.000031 0.000026 224.000000
v -88.756783 0.000028 238.399994
v -97.200027 -7.999965 253.199997
v -98.400024 0.000029 250.399994
v -86.800018 -7.999970 208.000015
v -92.000023 0.000024 208.000000
v 32.000023 -16.000036 -257.600006
v 48.000027 -16.000034 -256.000000
v 48.000027 -8.000030 -260.000000
v 32.000023 -8.000031 -261.600006
v 96.000031 -16.000027 -240.000000
v 93.600029 -16.000025 -224.000000
v 97.466698 -8.000020 -224.000000
v 100.000031 -8.000022 -240.000000
v 101.333366 -0.000025 -224.000000
v 104.000031 -0.000027 -240.000000
v 80.000023 -16.000029 -240.000000
v 80.000023 -16.000027 -224.000000
v 64.000023 -16.000029 -240.000015
v 64.000023 -16.000029 -224.000015
v 48.000027 -16.000031 -240.000015
v 48.000023 -16.000031 -224.000015
v 96.000031 -16.000031 -255.999985
v 96.000031 -16.000032 -272.000000
v 80.000023 -16.000032 -255.999985
v 32.000023 -16.000032 -240.000015
v 32.000019 -16.000031 -224.000015
v 16.000023 -16.000034 -240.000015
v 16.000021 -16.000032 -224.000015
v 2.666688 -16.000034 -240.000015
v 0.000021 -16.000034 -224.000015
v -1.066647 -8.000031 -241.600006
v -3.999980 -8.000030 -224.000015
v -4.799979 -0.000037 -243.200012
v -7.999980 -0.000035 -224.000015
v 32.000019 -8.000030 -220.800003
v 25.109941 -8.000029 -208.000015
v 28.109943 -0.800029 -208.000015
v 32.000019 -0.800031 -219.200012
v 93.600029 -8.000029 -274.800018
v 77.600029 -8.000028 -260.000000
v 53.709946 -8.000025 -208.000015
v 48.000023 -8.000029 -220.800003
v 48.000023 -0.800029 -219.200012
v 50.509949 -0.800027 -208.000015
v 58.400021 -16.000027 -208.000015
v 19.709944 -16.000029 -208.000015
v 1.600020 -16.000031 -208.000015
v -2.399983 -8.000025 -208.000015
v 16.000021 -16.000031 -208.000015
v 16.000025 -16.000038 -254.400009
v 64.000015 -16.000025 -208.000015
v 64.000023 -8.000028 -256.266693
v 64.000023 -0.000034 -260.266693
v 48.000027 -0.000036 -264.000000
v 14.800025 -8.000031 -258.000000
v 13.600023 -0.000039 -261.600006
v -6.399982 -0.000032 -208.000015
v 64.000023 -16.000032 -252.266678
v 75.200027 -0.000033 -264.000000
v 32.000023 -0.000037 -265.600006
v 96.000023 -16.000023 -208.000000
v 99.200020 -8.000017 -206.799988
v 102.400017 -0.000023 -205.599991
v 80.000015 -16.000025 -208.000000
v 91.200027 -0.000034 -277.600006
v 16.000015 -16.000023 -160.000000
v 16.000017 -16.000025 -176.000015
v 0.000017 -16.000027 -176.000015
v 0.000015 -16.000023 -160.000000
v 48.000019 -16.000027 -192.000015
v 58.400021 -16.000027 -208.000015
v 53.709946 -8.000025 -208.000015
v 48.109943 -8.000024 -195.200012
v 32.000015 -8.000026 -195.200012
v 48.109947 -0.800026 -196.800003
v 32.000019 -0.800027 -196.800003
v 19.709944 -16.000029 -208.000015
v 32.000015 -16.000027 -192.000015
v 25.109941 -8.000029 -208.000015
v 28.109943 -0.000029 -208.000015
v 50.509949 -0.000027 -208.000015
v 1.600014 -8.000018 -154.400009
v 16.000013 -8.000016 -155.200012
v 64.000015 -16.000021 -176.000015
v 48.000019 -16.000023 -176.000015
v 48.000019 -8.000017 -172.000015
v 67.200020 -8.000015 -172.400009
v 16.000019 -16.000029 -192.000015
v 0.000018 -16.000031 -192.000015
v 32.000015 -16.000023 -176.000015
v 32.000015 -8.000015 -154.400009
v 16.000013 -0.000021 -150.400009
v 32.000011 -0.000020 -150.400009
v 48.000019 -0.000021 -168.000015
v 70.400017 -0.000020 -168.800003
v 16.000021 -16.000031 -208.000015
v 1.600020 -16.000031 -208.000015
v 3.200013 -0.000022 -148.800003
v 64.000015 -16.000025 -192.000015
v 64.000015 -16.000025 -208.000015
v 32.000015 -16.000021 -158.400009
v 80.000015 -16.000023 -192.000000
v 80.000015 -16.000025 -208.000000
v 96.000023 -16.000023 -208.000000
v 82.800018 -8.000016 -189.199997
v 99.200020 -8.000017 -206.799988
v 85.600021 -0.000021 -186.400009
v 102.400017 -0.000023 -205.599991
v 124.000031 -8.000030 -304.800018
v 124.038452 -8.000031 -319.957214
v 120.076881 -0.000038 -319.914459
v 120.000038 -0.000036 -305.600006
v 128.000031 -16.000034 -304.000000
v 128.000031 -16.000038 -320.000000
v 128.076874 -8.000033 -327.914459
v 144.076874 -8.000031 -323.914459
v 144.153732 -0.000037 -327.828857
v 128.153717 -0.000039 -335.828857
v 192.000046 -16.000027 -319.999969
v 176.000046 -16.000027 -303.999969
v 176.055008 -8.000024 -296.199982
v 192.055008 -8.000026 -311.799988
v 176.109970 -0.000018 -288.399994
v 192.109970 -0.000018 -303.599976
v 144.000031 -16.000036 -320.000000
v 160.076889 -8.000031 -323.914459
v 160.153732 -0.000036 -327.828857
v 160.000031 -16.000034 -320.000000
v 176.076889 -8.000029 -323.914429
v 176.153732 -0.000034 -327.828827
v 192.022934 -16.000032 -336.000000
v 176.000046 -16.000032 -319.999969
v 208.000046 -16.000032 -352.000000
v 208.000046 -8.000031 -358.000000
v 191.688324 -8.000030 -337.957214
v 208.000046 -16.000027 -336.000000
v 208.000046 -8.000026 -328.000000
v 208.000046 -0.000036 -364.000000
v 191.353729 -0.000035 -339.914429
v 208.000046 -0.000030 -319.999969
v 144.000031 -16.000036 -304.000000
v 160.000031 -16.000034 -304.000000
v 131.027527 -8.000024 -267.900024
v 116.800026 -8.000023 -254.800003
v 121.600029 -0.000028 -253.599991
v 134.055008 -0.000030 -263.800018
v 93.600029 -8.000029 -274.800018
v 108.400024 -8.000029 -290.400024
v 104.800026 -0.000035 -292.800018
v 91.200027 -0.000034 -277.600006
v 96.000031 -16.000032 -272.000000
v 112.000031 -16.000032 -288.000000
v 112.000031 -16.000029 -255.999985
v 112.000031 -16.000032 -272.000000
v 96.000031 -16.000031 -255.999985
v 176.000046 -16.000027 -303.999969
v 160.000031 -16.000034 -304.000000
v 161.655014 -8.000025 -296.600006
v 176.055008 -8.000024 -296.199982
v 144.000031 -16.000032 -288.000000
v 144.000031 -16.000036 -304.000000
v 128.000031 -16.000034 -304.000000
v 128.000031 -16.000031 -288.000000
v 124.000031 -8.000030 -304.800018
v 120.000038 -0.000036 -305.600006
v 128.000031 -16.000031 -272.000000
v 96.000031 -16.000027 -240.000000
v 163.309982 -0.000031 -289.200012
v 176.109970 -0.000018 -288.399994
v 100.000031 -8.000022 -240.000000
v 147.255005 -8.000024 -283.800018
v 150.509979 -0.000030 -279.600006
v 104.000031 -0.000027 -240.000000
v -102.400108 30.375216 45.599228
v -92.800026 29.359999 45.599228
v -92.800018 29.359995 31.999226
v -102.400101 30.375206 31.999224
v -102.400108 30.375216 59.199230
v -92.800026 29.359999 59.199230
v -82.400024 27.760000 45.599232
v -82.400024 27.760000 59.199234
v -72.000023 26.160002 45.599232
v -72.000015 26.159998 31.999228
v -82.400017 27.759996 31.999226
v -72.000023 26.160002 59.199234
v -60.800030 24.560001 59.199238
v -60.800030 24.560001 45.599236
v -50.400021 22.959999 31.999229
v -60.800030 24.559998 31.999228
v -50.400021 22.960003 45.599236
v -50.400021 22.960003 59.199238
v -39.900021 22.210003 45.599239
v -39.900021 22.210003 59.199242
v -7.200036 23.760002 31.999233
v -18.400036 22.560001 31.999231
v -18.400038 22.560005 45.599239
v -7.200037 23.760006 45.599239
v -18.400040 22.560005 59.199242
v -7.200038 23.760006 59.199242
v 3.999967 25.360006 59.199242
v 3.999968 25.360006 45.599239
v -28.900026 22.160006 59.199242
v -28.900024 22.160006 45.599239
v -29.114435 22.160002 31.999231
v -39.900021 22.209999 31.999229
v 3.999969 25.360003 31.999233
v -39.890072 22.100000 58.359241
v -27.890072 22.100002 58.359241
v -27.890072 27.200003 58.999237
v -39.890072 27.200001 58.999237
v -71.890068 26.099998 58.359234
v -55.890072 23.699999 58.359238
v -52.690071 28.800001 58.999233
v -67.090065 33.599998 60.599232
v -94.090073 53.700001 65.599220
v -93.890076 54.300003 64.199219
v -103.490074 31.008490 59.199230
v -103.490074 31.008493 63.199230
v -39.890072 22.099997 32.599239
v -55.890072 23.699995 32.599236
v -52.690071 28.799997 31.799234
v -39.890072 27.199997 31.799236
v -93.890068 54.300003 26.999228
v -94.090065 53.700001 25.599228
v -103.490067 31.008486 27.999229
v -103.490067 31.008486 31.999229
v -71.890060 26.099995 32.599232
v -67.090057 33.599998 30.199234
v -103.090065 30.956278 32.599236
v -107.240067 31.684582 31.999239
v -116.990082 32.676098 29.399237
v -94.090065 53.500004 26.199236
v -107.240074 31.684593 58.799229
v -103.090073 30.956282 58.359230
v -94.090073 53.500004 64.599220
v -116.990089 32.676098 61.399231
v -27.890068 22.099998 32.599239
v -27.890068 27.199999 31.799238
v -11.890069 23.300003 58.359241
v -15.090070 29.600002 58.999237
v 4.109929 25.300005 58.359241
v -0.690070 32.800007 60.599236
v -87.890068 28.499998 58.359230
v -81.490067 42.400002 62.199230
v -11.890067 23.299999 32.599239
v -15.090068 29.599998 31.799238
v 4.109931 25.300001 32.599236
v -0.690067 32.800007 30.199234
v -87.890060 28.499994 32.599236
v -81.490059 42.400002 28.599237
v 14.399957 26.560009 45.599239
v 23.999983 28.560009 45.599239
v 23.999985 28.560005 31.999235
v 14.399958 26.560005 31.999235
v 3.999968 25.360006 45.599239
v 3.999967 25.360006 59.199242
v 14.399956 26.560009 59.199242
v 43.199982 32.000008 31.999237
v 33.599983 30.160007 31.999235
v 33.599983 30.160011 45.599239
v 43.199982 32.000008 45.599239
v 33.309868 54.300014 64.199234
v 33.509865 53.700012 65.599228
v 42.909870 32.000008 63.199238
v 42.909870 31.920010 59.199238
v 33.509869 53.700012 25.599232
v 33.309868 54.300014 26.999231
v 42.909870 31.920006 31.999237
v 42.909870 32.000008 27.999237
v 47.059868 32.000011 31.999237
v 42.509869 32.100010 32.599236
v 33.509869 53.500015 26.199232
v 56.409893 32.000011 29.399239
v 28.109884 29.300003 32.599236
v 4.109931 25.300001 32.599236
v -0.690067 32.800007 30.199234
v 21.709932 42.400009 28.599232
v 42.509869 32.100010 58.359241
v 47.059868 32.000011 58.799240
v 56.409893 32.000011 61.399246
v 33.509869 53.500015 64.599236
v 4.109929 25.300005 58.359241
v 28.109880 29.300007 58.359241
v 21.709929 42.400009 62.199242
v -0.690070 32.800007 60.599236
v 33.599983 30.160011 59.199242
v 43.199982 32.000008 59.199242
v 3.999969 25.360003 31.999233
v 23.999981 28.560009 59.199242
v -72.018631 5.250033 283.459991
v -76.307823 5.250034 289.242950
v -70.886269 2.750040 293.264008
v -66.597076 2.750040 287.481079
v -72.244049 0.000040 302.330170
v -67.755653 0.000038 296.700378
v -73.561348 2.750035 292.071747
v -78.049736 2.750036 297.701538
v -60.059868 0.000039 292.040710
v -55.571472 0.000039 286.410950
v -61.377216 2.750038 281.782288
v -65.865570 2.750040 287.412079
v -102.426712 8.000034 277.209656
v -97.938347 8.000033 271.579895
v -104.953583 8.000033 265.986969
v -109.684273 8.000034 271.713623
v -109.649406 8.000034 271.714783
v -105.161049 8.000033 266.085022
v -110.966713 5.250030 261.456390
v -115.455132 5.250026 267.086151
v -98.233269 8.000033 262.274963
v -102.420906 8.000033 268.131897
v -95.171333 8.000035 273.414703
v -90.983757 8.000034 267.557709
v -90.692841 8.000034 266.495422
v -86.204460 8.000034 260.865662
v -92.581909 8.000032 255.781158
v -97.070358 8.000033 261.410919
v -108.153999 2.750024 252.574402
v -103.665604 2.750027 246.944656
v -109.471291 0.000027 242.316010
v -113.959686 0.000028 247.945801
v -104.089806 5.250031 256.227875
v -108.070465 5.250032 262.227417
v -101.883430 8.000033 266.332458
v -97.902802 8.000033 260.332886
v -122.050369 0.000027 252.619843
v -126.538773 0.000027 258.249664
v -120.733025 2.750026 262.878296
v -116.244667 2.750025 257.248505
v -115.901413 0.000028 248.390961
v -119.882080 0.000028 254.390503
v -113.695023 2.750030 258.495575
v -109.714394 2.750027 252.496002
v -91.560829 8.000035 276.664429
v -96.049225 8.000035 282.294159
v -89.034027 8.000038 287.887115
v -84.545578 8.000036 282.257324
v -81.331337 8.000037 283.499908
v -77.143761 8.000037 277.642914
v -84.393280 8.000036 272.360199
v -88.580849 8.000036 278.217163
v -98.387665 5.250027 251.152481
v -102.876022 5.250033 256.782349
v -76.662361 8.000037 277.681335
v -72.173958 8.000037 272.051544
v -78.551476 8.000035 266.967041
v -83.039833 8.000036 272.596832
v -83.327660 5.250034 293.493713
v -78.839279 5.250038 287.863922
v -84.644966 8.000036 283.235260
v -89.133362 8.000038 288.865021
v -64.922539 0.000039 297.687225
v -60.633354 0.000039 291.904266
v -77.982361 8.000037 279.036774
v -82.271561 8.000038 284.819733
v -71.143517 5.250039 283.204193
v -66.655136 5.250038 277.574432
v -72.460823 8.000037 272.945831
v -76.949219 8.000037 278.575562
vn 0.9235 0.3162 0.2174
vn 0.9013 0.3748 0.2173
vn 0.8132 0.3711 0.4484
vn 0.8391 0.2366 0.4899
vn 0.7002 0.1816 0.6904
vn 0.7043 0.3660 0.6083
vn 0.4509 0.3517 0.8203
vn 0.6239 0.2014 0.7551
vn 0.4405 0.2410 0.8648
vn 0.3572 0.3146 0.8794
vn 0.7641 0.3600 0.5353
vn 0.7597 0.3281 0.5614
vn 0.9265 0.3529 0.1307
vn 0.9263 0.3573 0.1198
vn 0.9234 0.3162 0.2174
vn 0.7598 0.3281 0.5614
vn 0.4509 0.3517 0.8204
vn 0.3572 0.3147 0.8795
vn 0.5567 0.1284 0.8208
vn 0.5437 0.3058 0.7816
vn 0.4789 0.2283 0.8477
vn 0.7291 0.3972 0.5574
vn 0.5547 -0.0000 0.8321
vn 0.5567 0.1284 0.8207
vn 0.7237 -0.0000 0.6901
vn 0.8796 0.3743 0.2937
vn 0.7849 0.2145 0.5813
vn 0.8738 0.4690 0.1283
vn 0.8796 0.3742 0.2937
vn 0.6658 0.0643 0.7433
vn 0.7290 0.3972 0.5575
vn 0.7415 0.2637 0.6170
vn 0.9342 0.3266 0.1434
vn 0.7462 0.0469 0.6641
vn 0.5842 0.1295 0.8012
vn 0.9809 -0.0000 0.1944
vn 0.8871 0.4142 0.2035
vn 0.7933 -0.0000 0.6089
vn 0.7756 -0.0000 0.6312
vn 0.6309 -0.0000 0.7759
vn 0.7932 -0.0000 0.6089
vn 0.8796 0.3742 0.2936
vn 0.7142 0.2678 0.6467
vn 0.9637 -0.0000 -0.2670
vn 0.9597 0.2098 -0.1868
vn 0.9212 0.3539 0.1619
vn 0.9979 0.0456 0.0456
vn 0.9772 0.2100 -0.0306
vn 0.8236 0.5620 -0.0769
vn 0.8794 0.4140 -0.2351
vn 0.9892 0.1034 -0.1034
vn 0.8370 0.5017 0.2185
vn 0.9815 0.1604 0.1043
vn 0.9242 0.3492 -0.1549
vn 0.9990 0.0312 -0.0312
vn 0.9598 -0.0000 -0.2806
vn 1.0000 -0.0000 -0.0000
vn 0.9995 0.0312 -0.0000
vn 0.9998 0.0156 -0.0156
vn 0.9998 0.0156 0.0156
vn 0.9029 0.4170 -0.1044
vn 0.7489 0.6167 0.2423
vn 0.9211 0.3539 0.1619
vn 0.7489 0.6168 0.2423
vn 0.6974 0.6792 0.2289
vn 0.8895 0.1141 -0.4424
vn 0.9044 0.2261 -0.3618
vn 0.7055 0.7055 -0.0675
vn 0.7032 0.6468 -0.2952
vn 0.7542 0.6128 -0.2357
vn 0.9990 0.0311 -0.0311
vn 0.8575 -0.0000 -0.5145
vn 0.9637 -0.0000 -0.2669
vn 0.8895 0.1142 -0.4424
vn 0.8236 0.5619 -0.0769
vn 0.9903 -0.1389 -0.0000
vn 0.9039 -0.4277 -0.0000
vn 0.8356 -0.3568 -0.4178
vn 0.8837 -0.1540 -0.4419
vn 0.6162 0.6162 -0.4905
vn 0.7008 0.5044 -0.5044
vn 0.6280 0.4597 -0.6280
vn 0.5773 0.5774 -0.5773
vn 0.6991 0.6991 0.1498
vn 0.7881 0.5850 0.1915
vn 0.8259 0.5638 -0.0000
vn 0.7071 0.7071 -0.0000
vn 0.3701 0.2946 -0.8811
vn 0.1962 0.1962 -0.9607
vn 0.7505 0.5439 -0.3753
vn 0.6667 0.6667 -0.3333
vn 0.7004 -0.1374 -0.7004
vn 0.4895 -0.1146 -0.8644
vn 0.0985 -0.0000 -0.9951
vn 0.1961 -0.0000 -0.9806
vn 0.8209 -0.1438 -0.5527
vn -0.0000 -0.0000 -1.0000
vn 0.8208 -0.1438 -0.5527
vn 0.7548 -0.3325 -0.5654
vn 0.6734 -0.2946 -0.6781
vn 0.2840 -0.0972 -0.9539
vn 0.7554 0.3381 -0.5613
vn 0.6678 0.3049 -0.6791
vn 0.6734 -0.2946 -0.6780
vn 0.9099 -0.3595 0.2070
vn 0.9099 0.3595 0.2070
vn 0.9039 0.4277 -0.0000
vn 0.6734 -0.2945 -0.6781
vn 0.2803 0.1003 -0.9547
vn 0.8356 0.3568 -0.4178
vn 0.5822 0.5676 -0.5821
vn 0.4537 0.4423 -0.7736
vn 0.2803 0.1002 -0.9547
vn 0.6437 0.6384 -0.4220
vn 0.8355 0.3568 -0.4178
vn 0.6949 0.6949 0.1848
vn 0.9239 0.3827 -0.0000
vn 0.4536 0.4424 -0.7736
vn 0.8112 0.5847 -0.0000
vn 0.7881 0.5850 0.1916
vn 0.0784 -0.0000 -0.9969
vn 0.9871 -0.1602 -0.0000
vn 0.9239 -0.3827 -0.0000
vn 0.9534 -0.1727 0.2472
vn 0.8355 -0.3568 -0.4178
vn 0.4895 -0.1145 -0.8644
vn 0.8838 -0.1540 -0.4419
vn 0.9534 -0.1728 0.2472
vn 0.9535 -0.1727 0.2472
vn 0.3700 0.2946 -0.8811
vn 0.4895 -0.1146 0.8644
vn 0.2894 -0.1020 0.9518
vn 0.6635 -0.3458 0.6635
vn 0.7041 -0.0922 0.7041
vn 0.3701 0.2946 0.8811
vn 0.6404 0.4239 0.6404
vn 0.2893 -0.1020 0.9518
vn 0.2893 0.1020 0.9518
vn 0.6635 0.3458 0.6635
vn 0.8032 -0.1909 0.5643
vn 0.7881 -0.1915 0.5850
vn 0.3298 -0.0707 0.9414
vn 0.4225 -0.1123 0.8994
vn 0.9733 -0.2295 0.0084
vn 0.9731 -0.2300 0.0084
vn 0.9564 -0.2316 0.1780
vn 0.9600 -0.2219 0.1709
vn 0.2894 0.1020 0.9518
vn 0.4602 0.4602 0.7592
vn 0.5774 0.5774 0.5774
vn 0.9732 -0.2292 -0.0167
vn 0.8943 -0.4472 -0.0154
vn 0.8944 -0.4472 -0.0077
vn 0.9732 -0.2300 -0.0084
vn -0.0000 -0.0000 1.0000
vn 0.4603 0.4603 0.7592
vn 0.7634 -0.3817 0.5211
vn 0.4576 -0.2288 0.8592
vn 0.3297 -0.0707 0.9414
vn 0.9732 -0.2300 0.0084
vn 0.8944 -0.4471 0.0077
vn 0.8838 -0.4419 0.1535
vn 0.3297 -0.0706 0.9414
vn 0.8377 -0.4188 0.3505
vn 0.8971 -0.2151 0.3860
vn 0.8971 -0.2151 0.3859
vn 0.7881 -0.1916 0.5850
vn 0.9731 -0.2300 -0.0084
vn 0.8944 -0.4472 0.0077
vn 0.2587 0.2587 0.9307
vn 0.5773 0.5774 0.5773
vn 0.9999 -0.0000 -0.0172
vn 1.0000 -0.0000 -0.0086
vn 0.9839 -0.0000 0.1788
vn 0.9199 -0.0000 0.3921
vn 0.9730 -0.2303 -0.0167
vn 0.9733 -0.2295 -0.0084
vn 0.9001 -0.2127 0.3803
vn 0.3051 -0.0000 0.9523
vn 0.3700 0.2946 0.8811
vn 0.8112 -0.0000 0.5847
vn 1.0000 -0.0000 0.0086
vn 0.9839 -0.0000 0.1787
vn 0.4225 -0.1124 0.8994
vn 0.4895 -0.1145 0.8644
vn 0.8452 -0.0000 -0.5344
vn 0.8185 -0.1998 -0.5386
vn 0.9171 -0.2283 -0.3267
vn 0.9420 -0.0000 -0.3356
vn 0.7071 -0.0000 -0.7071
vn 0.6969 -0.1691 -0.6969
vn 0.8185 -0.1999 -0.5385
vn 0.5257 -0.0000 -0.8507
vn 0.3475 -0.0000 -0.9377
vn 0.4898 -0.0000 -0.8719
vn 0.4897 -0.0000 -0.8719
vn 0.3093 -0.0000 -0.9510
vn 0.6069 -0.0667 -0.7920
vn 0.2494 0.0623 -0.9664
vn 0.3179 0.0313 -0.9476
vn 0.3289 0.0156 -0.9442
vn 0.2692 0.0350 -0.9625
vn 0.3180 0.0313 -0.9476
vn 0.3297 -0.0707 -0.9414
vn 0.4576 -0.2288 -0.8592
vn 0.6667 -0.3333 -0.6667
vn 0.8185 -0.1999 -0.5386
vn 0.7912 -0.3956 -0.4663
vn 0.8522 -0.4261 -0.3036
vn 0.3092 -0.0000 -0.9510
vn 0.3297 -0.0706 -0.9414
vn 0.8363 -0.1966 -0.5119
vn 0.9215 -0.2073 -0.3283
vn 0.4225 -0.1123 -0.8994
vn 0.2941 -0.0000 -0.9558
vn 0.2692 0.0351 -0.9625
vn 0.3476 -0.0000 -0.9377
vn 0.6571 -0.0000 -0.7538
vn 0.6069 -0.0666 -0.7920
vn 0.3298 -0.0707 -0.9414
vn 0.4225 -0.1124 -0.8994
vn 0.5989 0.1876 0.7786
vn 0.6097 -0.0000 0.7926
vn 0.6280 -0.0000 0.7782
vn 0.6157 0.1846 0.7661
vn 0.6660 -0.0000 0.7459
vn 0.6221 0.3572 0.6967
vn 0.6009 0.3219 0.7316
vn 0.6383 -0.0000 0.7698
vn 0.5962 0.3248 0.7342
vn 0.9410 0.1137 0.3187
vn 0.9072 -0.0000 0.4207
vn 0.5339 0.5979 0.5979
vn 0.5143 0.6064 0.6064
vn 0.5758 0.3289 0.7485
vn 0.4778 0.6212 0.6212
vn 0.4904 0.6162 0.6162
vn 0.5962 0.3249 0.7342
vn 0.7228 0.4887 0.4887
vn 0.4905 0.6162 0.6162
vn 0.9410 0.1137 0.3188
vn 0.6640 0.0787 0.7436
vn 0.6301 0.1825 0.7548
vn 0.6639 0.0787 0.7436
vn 0.5758 0.3919 0.7175
vn 0.9072 -0.0000 0.4208
vn 0.5758 0.3920 0.7175
vn 0.5989 0.1875 0.7786
vn 0.5280 0.5002 0.6864
vn 0.6157 0.1845 0.7661
vn 0.8789 0.1213 0.4613
vn 0.8754 0.2520 0.4125
vn 0.5458 0.4933 0.6774
vn 0.4989 0.6128 0.6128
vn 0.8754 0.2519 0.4125
vn 0.5458 0.4933 0.6773
vn 0.7189 0.0475 -0.6934
vn 0.7362 0.0952 -0.6700
vn 0.7393 0.2583 -0.6218
vn 0.7358 0.1453 -0.6614
vn 0.7362 0.0951 -0.6700
vn 0.6883 -0.0000 -0.7254
vn 0.6883 -0.0000 -0.7255
vn 0.6690 -0.0000 -0.7433
vn 0.7078 0.3539 -0.6113
vn 0.7469 0.1611 -0.6451
vn 0.6995 -0.0000 -0.7146
vn 0.7130 -0.0000 -0.7012
vn 0.7011 -0.0000 -0.7130
vn 0.7252 -0.0000 -0.6886
vn 0.7568 -0.0000 -0.6536
vn 0.6520 0.3089 -0.6924
vn 0.6351 0.3142 -0.7056
vn 0.7592 0.0553 -0.6485
vn 0.8528 0.0415 -0.5206
vn 0.8357 0.0786 -0.5436
vn 0.5637 0.5840 -0.5840
vn 0.5573 0.5871 -0.5871
vn 0.5369 0.5965 -0.5966
vn 0.7532 0.1814 -0.6323
vn 0.6739 0.3029 -0.6739
vn 0.6520 0.3090 -0.6924
vn 0.7871 0.3836 -0.4831
vn 0.5774 0.5774 -0.5774
vn 0.7258 0.4540 -0.5168
vn 0.5773 0.5773 -0.5774
vn 0.5638 0.5840 -0.5840
vn 0.6351 0.3142 -0.7057
vn 0.5369 0.5966 -0.5966
vn 0.1222 -0.0000 0.9925
vn 0.0814 0.0463 0.9956
vn -0.0141 0.1069 0.9942
vn 0.0142 0.0156 0.9998
vn -0.3606 -0.0000 0.9327
vn 0.1281 -0.0000 0.9918
vn -0.3941 -0.0000 0.9191
vn -0.0541 0.3263 0.9437
vn -0.0659 0.4244 0.9031
vn 0.2283 0.3714 0.8999
vn 0.1590 0.2584 0.9528
vn -0.0658 0.4244 0.9031
vn -0.0411 0.1887 0.9812
vn -0.1407 0.2939 0.9454
vn -0.3475 0.0168 0.9375
vn -0.3342 0.0338 0.9419
vn -0.6727 -0.0000 0.7399
vn 0.0944 0.1039 0.9901
vn 0.1633 0.1796 0.9701
vn 0.1590 0.2585 0.9528
vn 0.2284 0.3714 0.9000
vn 0.1683 0.0924 0.9814
vn 0.0918 0.1835 0.9787
vn 0.0418 0.0763 0.9962
vn 0.0945 0.1039 0.9901
vn 0.0815 0.0463 0.9956
vn 0.2425 -0.0000 0.9701
vn 0.9069 0.0352 -0.4199
vn 0.8162 0.2492 -0.5212
vn 0.7806 0.2691 -0.5642
vn 0.8618 0.1860 -0.4718
vn -0.8081 0.3544 -0.4705
vn -0.8066 0.1975 -0.5572
vn -0.7482 0.2776 -0.6026
vn -0.7454 0.4134 -0.5230
vn -0.7482 0.2777 -0.6026
vn -0.5262 0.4043 -0.7481
vn -0.4706 0.5594 -0.6824
vn -0.2179 0.4466 -0.8678
vn -0.1859 0.6121 -0.7686
vn 0.0021 0.4418 -0.8971
vn -0.0014 0.6114 -0.7913
vn -0.2179 0.4465 -0.8678
vn 0.2226 0.4487 -0.8655
vn 0.1837 0.6037 -0.7758
vn 0.5327 0.4019 -0.7448
vn 0.4738 0.5370 -0.6979
vn 0.1837 0.6036 -0.7758
vn 0.7805 0.2691 -0.5642
vn 0.7913 0.3350 -0.5115
vn 0.7401 0.2974 -0.6031
vn -0.5424 0.2345 -0.8067
vn -0.7356 0.1232 -0.6661
vn 0.2314 0.2637 -0.9364
vn -0.0022 0.2431 -0.9700
vn -0.7803 0.0390 -0.6242
vn -0.7356 0.1231 -0.6661
vn 0.0021 0.4417 -0.8971
vn -0.2373 0.2484 -0.9392
vn 0.5299 0.2701 -0.8039
vn 0.7401 0.2974 -0.6032
vn -0.2372 0.2484 -0.9392
vn 0.2315 0.2637 -0.9364
vn -0.9315 -0.2329 -0.2794
vn -0.9551 0.0749 -0.2866
vn -0.9980 0.0630 -0.0060
vn -0.9655 -0.2601 0.0100
vn -0.8862 -0.2384 0.3973
vn -0.9335 0.0515 0.3548
vn -0.9400 0.1492 0.3069
vn -0.9460 -0.1706 0.2758
vn 0.9221 0.1757 0.3447
vn 0.8081 0.4303 0.4024
vn 0.5869 0.2842 0.7581
vn 0.6274 0.3171 0.7112
vn 0.8877 0.4603 0.0113
vn 0.9956 0.0934 0.0059
vn 0.9648 0.0788 0.2509
vn 0.8804 0.4255 0.2094
vn -0.4329 0.2134 0.8758
vn -0.3975 0.4304 0.8104
vn 0.0055 0.4662 0.8847
vn -0.0069 0.2423 0.9702
vn -0.9551 0.0749 -0.2865
vn -0.8944 0.3578 -0.2683
vn -0.9285 0.3714 -0.0000
vn -0.9980 0.0630 -0.0059
vn -0.8237 0.3295 0.4615
vn -0.8408 0.0519 0.5388
vn -0.9335 0.0515 0.3547
vn -0.8534 0.3414 0.3938
vn -0.8937 0.4000 0.2031
vn -0.6966 0.3171 0.6436
vn -0.6149 0.5326 0.5816
vn -0.3334 0.6125 0.7167
vn -0.0034 0.6342 0.7732
vn 0.3345 0.5974 0.7288
vn 0.4021 0.4329 0.8068
vn 0.4021 0.4330 0.8068
vn 0.6054 0.4273 0.6715
vn 0.6275 0.3171 0.7112
vn 0.9369 -0.0543 0.3454
vn 0.9221 0.1757 0.3446
vn 0.9951 0.0991 -0.0000
vn 0.9578 -0.2873 -0.0000
vn 0.9361 -0.2808 0.2120
vn 0.9648 0.0788 0.2508
vn 0.8639 -0.2592 0.4319
vn 0.8936 0.0430 0.4468
vn -0.8535 0.3414 0.3938
vn -0.0035 0.6341 0.7732
vn 0.0056 0.4662 0.8847
vn -0.8368 -0.2295 0.4970
vn 0.4237 0.2441 0.8723
vn 0.8807 0.4248 0.2093
vn 0.8936 0.0431 0.4468
vn 0.8285 0.3769 0.4142
vn 0.8081 0.4302 0.4024
vn 0.8824 0.4706 -0.0000
vn -0.9460 -0.1705 0.2758
vn -0.6888 0.0918 0.7191
vn -0.6888 0.0919 0.7191
vn -0.3974 0.4304 0.8104
vn 0.4843 0.4843 -0.7287
vn 0.3133 0.3453 -0.8846
vn 0.5524 0.5935 -0.5853
vn 0.5773 0.5774 -0.5774
vn 0.4843 0.4842 -0.7287
vn 0.3134 0.3453 -0.8846
vn -0.6415 0.2844 -0.7125
vn -0.2746 0.2746 -0.9215
vn 0.5373 -0.1888 -0.8220
vn 0.8230 -0.0045 -0.5681
vn 0.6410 -0.0022 -0.7675
vn 0.6406 -0.0010 -0.7679
vn -0.0000 0.1941 -0.9810
vn -0.0000 0.4472 -0.8944
vn -0.4960 0.5028 -0.7079
vn -0.5962 0.2895 -0.7488
vn -0.4960 0.5028 -0.7080
vn -0.8124 0.3988 -0.4253
vn -0.8893 0.1994 -0.4115
vn -0.8047 0.4391 -0.3995
vn -0.6408 0.0435 -0.7665
vn 0.2486 0.0940 -0.9640
vn 0.6406 -0.0012 -0.7678
vn 0.6154 0.3270 -0.7172
vn -0.8381 0.3711 -0.3999
vn -0.3506 0.1270 -0.9279
vn 0.0036 -0.3399 -0.9405
vn 0.0036 -0.3399 -0.9404
vn 0.0097 -0.7481 -0.6635
vn 0.4096 -0.6436 -0.6466
vn -0.3751 -0.5853 -0.7188
vn -0.6408 0.0434 -0.7665
vn -0.3750 -0.5853 -0.7189
vn -0.6801 0.6801 -0.2736
vn -0.3507 0.1270 -0.9279
vn -0.5004 0.5004 -0.7066
vn -0.5003 0.5004 -0.7066
vn 0.7174 -0.0000 0.6966
vn 0.6803 0.1258 0.7221
vn 0.9433 0.1285 0.3060
vn 0.8839 -0.0000 0.4677
vn 0.6618 -0.0000 0.7497
vn 0.6698 -0.0100 0.7425
vn 0.7774 -0.0649 0.6257
vn 0.7958 -0.0000 0.6056
vn 0.3310 -0.0000 0.9436
vn 0.3006 -0.0000 0.9537
vn 0.5994 -0.0000 0.8005
vn 0.6019 -0.0000 0.7986
vn 0.9433 0.1284 0.3060
vn 0.7985 0.0329 0.6011
vn 0.8522 -0.0000 0.5232
vn 0.4443 -0.1135 0.8887
vn 0.4472 -0.0000 0.8944
vn 0.8480 -0.0000 0.5300
vn 0.7918 0.0877 0.6045
vn 0.3245 -0.0000 0.9459
vn 0.3309 -0.0000 0.9437
vn 0.5389 -0.0000 0.8423
vn 0.6697 -0.0100 0.7425
vn 0.6921 -0.0247 0.7214
vn 0.7916 -0.1861 0.5820
vn 0.9359 0.1286 0.3279
vn 0.8185 0.0344 0.5735
vn 0.6802 0.1258 0.7221
vn 0.6051 0.1289 0.7857
vn 0.6920 -0.0247 0.7214
vn 0.6698 -0.0099 0.7425
vn 0.8336 0.0281 0.5516
vn 0.8386 0.0572 0.5418
vn 0.5307 0.1227 0.8386
vn 0.4837 0.2536 0.8377
vn 0.9097 0.2697 0.3157
vn 0.9618 0.1281 0.2421
vn 0.7065 0.0295 0.7071
vn 0.7068 -0.0000 0.7074
vn 0.7065 0.0294 0.7071
vn 0.8382 0.2174 0.5001
vn 0.7368 -0.0000 0.6761
vn 0.5390 -0.0000 0.8423
vn 0.4082 0.4082 0.8165
vn 0.9618 0.1282 0.2420
vn 0.8386 0.0572 0.5417
vn 0.8332 0.0353 0.5518
vn 0.5150 0.0830 0.8532
vn 0.4309 0.1648 0.8872
vn 0.6625 0.0877 0.7439
vn 0.8184 0.0344 0.5735
vn 0.7916 -0.1861 0.5819
vn 0.4231 -0.3240 0.8462
vn 0.3006 0.0001 0.9537
vn 0.7916 -0.1862 0.5820
vn 0.4231 -0.3239 0.8462
vn 0.6051 0.1289 0.7856
vn 0.9618 0.1282 0.2421
vn 0.9359 0.1287 0.3279
vn 0.5361 -0.0000 0.8442
vn 0.5361 -0.0000 0.8441
vn -0.6502 0.2053 -0.7315
vn -0.7349 0.4206 -0.5320
vn -0.8944 0.4472 -0.0000
vn -0.9810 0.1941 -0.0000
vn -0.3013 0.3015 -0.9046
vn -0.3752 0.3755 -0.8475
vn -0.2230 0.2467 -0.9431
vn -0.1385 0.1511 -0.9788
vn -0.1909 0.4193 -0.8876
vn -0.1941 0.4387 -0.8774
vn -0.7349 0.4207 -0.5319
vn 0.2182 0.4364 -0.8729
vn 0.1058 0.4447 -0.8894
vn 0.1097 0.4445 -0.8890
vn -0.1909 0.4192 -0.8876
vn -0.5419 0.5419 -0.6424
vn -0.7321 0.1729 -0.6589
vn -0.9733 0.2297 -0.0000
vn -0.7071 0.7071 -0.0000
vn -0.0310 0.0920 -0.9953
vn -0.1192 0.2935 -0.9485
vn -0.1446 0.1448 -0.9788
vn -0.0308 0.0308 -0.9991
vn 0.1715 0.2783 -0.9451
vn 0.0886 0.3209 -0.9430
vn 0.0310 0.0920 -0.9953
vn 0.0618 0.0618 -0.9962
vn -0.2529 0.6850 -0.6832
vn -0.3162 0.6325 -0.7071
vn -0.0309 0.0309 -0.9990
vn -0.0000 0.3469 -0.9379
vn -0.3160 0.6325 -0.7071
vn -0.4472 0.8944 -0.0000
vn -0.3819 0.9242 -0.0000
vn -0.7321 0.1728 -0.6589
vn -0.9732 0.2298 -0.0000
vn 0.1715 0.2783 -0.9450
vn 0.1098 0.4445 -0.8890
vn 0.0885 0.3209 -0.9430
vn -0.0372 0.1495 -0.9881
vn -0.0000 0.1222 -0.9925
vn -0.3163 0.6324 -0.7071
vn -0.7669 0.3133 0.5601
vn -1.0000 -0.0000 -0.0000
vn -0.7081 0.3185 0.6302
vn -0.3390 -0.3016 0.8911
vn -0.3488 -0.0000 0.9372
vn -0.8826 -0.0000 0.4701
vn -0.8991 0.0079 0.4376
vn -0.0000 -0.3469 0.9379
vn -0.2659 -0.0810 0.9606
vn -0.3390 -0.3016 0.8912
vn -0.7454 0.3424 0.5720
vn -0.0000 -0.1222 0.9925
vn -0.0000 -0.3470 0.9379
vn -0.6000 0.4328 0.6728
vn -0.0000 0.2298 0.9732
vn -0.0000 0.2297 0.9733
vn -0.0000 0.4511 0.8925
vn -0.9511 0.1381 0.2762
vn -0.5732 0.3727 0.7298
vn -0.0000 0.4472 0.8944
vn -0.3897 0.4119 0.8237
vn -0.0000 0.4510 0.8925
vn -0.0000 0.4548 0.8906
vn -0.7068 0.7074 0.0006
vn -0.8111 0.5849 0.0002
vn -0.6314 0.6323 0.4490
vn -0.2693 -0.0000 0.9631
vn -0.2660 -0.0810 0.9606
vn -0.2297 -0.0000 0.9733
vn -0.8112 0.5848 0.0002
vn -0.6325 0.6325 0.4472
vn -0.7069 0.7073 0.0005
vn -0.7669 0.3132 0.5602
vn -0.7081 0.3185 0.6303
vn -0.6314 0.6322 0.4490
vn -0.2298 -0.0000 0.9732
vn -0.7454 0.3423 0.5720
vn 0.5488 0.5167 -0.6571
vn 0.3621 0.5911 -0.7207
vn 0.4590 0.3152 -0.8306
vn 0.6140 0.2329 -0.7542
vn -0.8325 0.1354 0.5372
vn -0.8418 -0.0395 0.5384
vn -0.7597 -0.0380 0.6492
vn -0.7524 0.1466 0.6422
vn -0.9884 0.1158 -0.0981
vn -0.9735 0.2266 -0.0314
vn -0.7036 0.3229 -0.6330
vn -0.6128 0.4278 -0.6644
vn -0.5202 0.3647 -0.7723
vn -0.5126 0.5195 -0.6836
vn -0.6128 0.4279 -0.6644
vn -0.7036 0.3228 -0.6330
vn -0.4598 0.4143 -0.7855
vn -0.3621 0.5911 -0.7207
vn -0.5129 0.5189 -0.6839
vn -0.5201 0.3647 -0.7723
vn -0.0192 0.4131 -0.9105
vn -0.0000 0.6429 -0.7659
vn -0.3620 0.5911 -0.7207
vn -0.4597 0.4143 -0.7855
vn 0.4591 0.3152 -0.8306
vn 0.3620 0.5911 -0.7207
vn -0.0191 0.4131 -0.9105
vn 0.6247 -0.0089 -0.7808
vn 0.6140 0.2328 -0.7542
vn 0.4754 0.0095 -0.8797
vn -0.7779 0.3087 0.5473
vn -0.9242 0.3819 0.0061
vn -0.4228 0.2074 -0.8822
vn -0.5580 0.2259 -0.7985
vn -0.7245 0.3060 0.6176
vn -0.6380 0.2644 -0.7233
vn 0.0418 0.0899 -0.9951
vn -0.9242 0.3819 0.0062
vn -0.4228 0.2075 -0.8822
vn -0.9085 0.4179 -0.0000
vn -0.9863 0.1650 -0.0000
vn -0.9504 0.1060 -0.2925
vn -0.9185 0.3633 -0.1561
vn -0.9050 0.4254 -0.0000
vn -0.9856 0.1690 -0.0000
vn -0.9692 0.1715 0.1768
vn -0.8841 0.4379 0.1631
vn -0.9950 -0.0995 -0.0000
vn -0.9629 -0.0963 -0.2520
vn -0.9504 0.1060 -0.2926
vn -0.9057 -0.0676 -0.4184
vn -0.9108 0.0874 -0.4034
vn -0.9415 -0.0471 -0.3338
vn -0.9376 0.0684 -0.3410
vn -0.9685 0.1797 0.1724
vn -0.9797 -0.0980 0.1747
vn -0.9790 -0.0979 0.1786
vn -0.8706 0.2240 -0.4380
vn -0.8841 0.4379 0.1632
vn -0.8834 0.4348 0.1746
vn -0.9047 0.2529 -0.3429
vn -0.4172 0.6178 0.6665
vn -0.4058 0.5558 0.7256
vn -0.0000 0.6185 0.7858
vn -0.0024 0.6860 0.7276
vn -0.2906 0.6079 0.7389
vn -0.3844 0.5292 0.7564
vn 0.2390 0.6006 0.7630
vn 0.2139 0.6832 0.6982
vn -0.7612 0.4183 0.4955
vn -0.8706 0.1576 0.4661
vn -0.3988 0.4630 0.7916
vn -0.4852 0.5102 0.7102
vn -0.3740 0.6978 0.6109
vn 0.0082 0.7641 0.6450
vn -0.6128 0.6215 0.4881
vn -0.7613 0.4183 0.4955
vn -0.4851 0.5102 0.7102
vn -0.3526 0.6563 0.6670
vn -0.2807 0.6515 0.7048
vn -0.2902 0.6086 0.7385
vn 0.1922 0.7433 0.6408
vn 0.2187 0.2187 -0.9510
vn 0.3362 0.3362 -0.8798
vn 0.1196 0.1196 -0.9856
vn 0.0596 0.0596 -0.9964
vn 0.4472 -0.0000 -0.8944
vn 0.3722 0.2458 -0.8950
vn 0.1451 0.0898 -0.9853
vn 0.2297 -0.0000 -0.9733
vn 0.1195 0.1196 -0.9856
vn 0.3361 0.3362 -0.8798
vn 0.0594 0.0595 -0.9965
vn 0.2187 0.2188 -0.9510
vn 0.4082 0.4082 -0.8165
vn 0.2423 0.4564 -0.8562
vn 0.0592 0.1775 -0.9823
vn 0.1452 0.0899 -0.9853
vn 0.4278 0.2912 -0.8557
vn 0.3714 0.5571 -0.7428
vn 0.4314 0.2635 -0.8628
vn 0.2298 -0.0000 -0.9732
vn 0.1452 0.0898 -0.9853
vn -0.2399 0.9625 0.1268
vn -0.3937 0.8503 0.3493
vn -0.4598 0.8495 0.2587
vn -0.2531 0.9611 0.1105
vn -0.2312 0.2312 0.9450
vn -0.1212 0.1113 0.9864
vn -0.7522 0.3734 0.5429
vn -0.1213 0.1113 0.9864
vn -0.2789 -0.0000 0.9603
vn -0.7824 -0.0000 0.6228
vn -0.1987 0.1763 0.9641
vn -0.7322 0.0652 0.6780
vn -0.2182 0.2182 0.9512
vn 0.0709 0.3532 0.9329
vn -0.5485 0.1516 0.8223
vn -0.2082 0.4409 0.8731
vn -0.2084 0.4413 0.8728
vn 0.2164 0.3626 0.9065
vn -0.6779 0.1038 0.7277
vn -0.5484 0.1516 0.8223
vn -0.2083 0.4409 0.8731
vn -0.2206 0.4436 0.8686
vn -0.1934 0.4462 0.8738
vn -0.2084 0.4414 0.8728
vn -0.1934 0.4463 0.8737
vn -0.1103 -0.0000 0.9939
vn -0.0710 -0.0000 0.9975
vn 0.1827 -0.0000 0.9832
vn -0.2659 -0.0000 0.9640
vn -0.5618 0.8032 0.1982
vn -0.2663 0.9593 0.0940
vn -0.9017 0.2930 0.3181
vn -0.9430 -0.0000 0.3327
vn -0.7522 0.3733 0.5430
vn -0.6780 0.1038 0.7277
vn -0.9431 -0.0007 0.3325
vn -0.9432 -0.0015 0.3323
vn -0.9431 -0.0008 0.3324
vn -0.6779 0.1038 0.7278
vn -0.2207 0.4436 0.8686
vn 0.1828 -0.0001 0.9832
vn -0.5552 -0.0000 0.8317
vn -0.1607 -0.0000 0.9870
vn -0.2297 -0.0000 0.9732
vn -0.9100 -0.0000 -0.4147
vn -0.8573 0.0013 -0.5149
vn -0.8584 0.0004 -0.5131
vn -0.8492 0.1541 -0.5050
vn -0.8050 0.1349 -0.5777
vn -0.8167 0.0101 -0.5769
vn -0.7998 -0.0126 -0.6001
vn -0.7562 0.2533 -0.6033
vn -0.8752 0.3667 -0.3154
vn -0.9439 -0.0656 -0.3237
vn -0.8853 0.1163 -0.4502
vn -0.8492 0.1541 -0.5051
vn -0.9192 -0.1040 -0.3799
vn -0.8449 0.4079 -0.3460
vn -0.8599 0.4280 -0.2782
vn -0.9455 -0.1117 -0.3059
vn -0.9999 -0.0000 0.0112
vn -0.9966 0.0589 -0.0573
vn -0.9191 -0.1040 -0.3799
vn -0.7441 0.2491 -0.6199
vn -0.7286 0.4006 -0.5555
vn -0.8449 0.4079 -0.3461
vn -0.7629 0.5722 -0.3009
vn -0.7745 0.5809 -0.2506
vn -0.8116 0.2967 -0.5033
vn -0.7287 0.4006 -0.5555
vn -0.7776 0.5321 -0.3350
vn -0.8976 0.1777 -0.4035
vn -0.9726 0.0590 -0.2250
vn -0.8172 0.4086 -0.4064
vn -0.9119 0.0313 -0.4093
vn -0.9293 -0.0000 -0.3692
vn -0.8384 0.4192 -0.3484
vn -0.8401 -0.0015 -0.5424
vn -0.8583 0.0004 -0.5131
vn -0.8174 0.0469 -0.5741
vn -0.7928 0.1068 -0.6001
vn -0.8174 0.0469 -0.5742
vn -0.9469 -0.0000 -0.3216
vn -0.9726 0.0591 -0.2250
vn -0.9293 -0.0000 -0.3693
vn -0.9514 -0.0000 -0.3079
vn -0.8592 0.4296 -0.2780
vn -0.8174 0.0470 -0.5742
vn -0.7853 0.0854 -0.6132
vn -0.7123 0.3052 -0.6320
vn -0.9191 -0.1041 -0.3799
vn -0.9504 0.1732 -0.2582
vn -0.7279 0.6711 -0.1406
vn -0.7282 0.6709 -0.1402
vn -0.5613 0.7622 -0.3226
vn -0.9503 0.3108 0.0181
vn -0.7282 0.6708 -0.1402
vn -0.7279 0.6711 -0.1405
vn -0.9179 -0.1034 -0.3831
vn -0.5590 0.2795 0.7807
vn -0.5854 -0.0000 0.8108
vn -0.5644 -0.1289 0.8153
vn -0.8589 0.4294 -0.2791
vn -0.9511 -0.0000 -0.3090
vn -0.9977 -0.0000 0.0677
vn -0.8919 0.4459 0.0754
vn -0.8632 0.4316 0.2619
vn -0.9591 -0.0000 0.2832
vn -0.8201 -0.0000 0.5722
vn -0.7024 0.3512 0.6192
vn -0.7573 -0.0893 0.6470
vn -0.5774 -0.0691 0.8135
vn -0.5703 -0.0000 0.8215
vn -0.9896 -0.1191 0.0812
vn -0.9357 -0.1021 0.3377
vn -0.9339 -0.0000 0.3575
vn -0.9517 -0.1065 0.2879
vn -0.5785 -0.0689 0.8127
vn -0.5684 -0.0534 0.8210
vn -0.5645 -0.1289 0.8153
vn -0.9465 -0.0974 -0.3075
vn -0.7205 0.3546 0.5959
vn -0.7040 0.5280 0.4750
vn -0.5229 0.3922 0.7568
vn -0.5551 0.2727 0.7858
vn -0.5589 0.2738 0.7827
vn -0.5369 0.4026 0.7414
vn -0.5235 0.3926 0.7562
vn -0.5530 0.2367 0.7988
vn -0.8700 0.4179 0.2616
vn -0.7788 0.5841 0.2289
vn -0.8724 0.3983 -0.2834
vn -0.7743 0.5807 -0.2516
vn -0.7989 0.5992 0.0527
vn -0.8910 0.4484 0.0712
vn -0.7641 0.5731 0.2962
vn -0.8583 0.4052 0.3148
vn -0.7989 0.5992 0.0526
vn -0.5786 -0.0690 0.8127
vn -0.7206 0.3545 0.5959
vn -0.7572 -0.0893 0.6470
vn -0.9896 -0.1190 0.0812
vn -0.5786 -0.0689 0.8127
vn -0.5570 0.2785 0.7824
vn -0.5590 0.2795 0.7806
vn -0.8518 0.4259 0.3051
vn -0.8632 0.4316 0.2620
vn 0.9852 0.1401 0.0985
vn 0.9950 -0.0000 0.0995
vn 0.9895 0.1443 -0.0035
vn 0.9044 0.1227 -0.4086
vn 0.8841 0.1838 -0.4296
vn 0.5558 0.4217 -0.7164
vn 0.6172 0.2251 -0.7539
vn 0.8842 0.1838 -0.4295
vn 0.6172 0.2250 -0.7540
vn 0.5558 0.4216 -0.7164
vn 0.4533 0.5202 -0.7238
vn 0.5023 0.2810 -0.8177
vn 0.9567 0.2750 0.0957
vn 0.9581 0.2865 0.0074
vn 0.5916 0.0734 -0.8029
vn 0.6172 0.2251 -0.7540
vn 0.5161 -0.0159 -0.8564
vn 0.8841 0.1838 -0.4295
vn 0.8663 0.2543 -0.4300
vn 0.9790 0.2021 0.0250
vn 0.9990 0.0346 -0.0294
vn 0.8461 -0.0000 -0.5331
vn 0.8680 0.0278 -0.4958
vn 0.9484 0.2031 0.2436
vn 0.9708 0.0668 0.2305
vn 0.8297 -0.0348 -0.5571
vn 0.9985 0.0516 -0.0186
vn 0.8717 -0.0000 0.4900
vn 0.8705 0.0905 0.4838
vn 0.8717 -0.0000 0.4901
vn 0.7433 -0.0000 0.6690
vn 0.7446 0.0884 0.6617
vn 0.9571 0.2715 -0.1016
vn 0.9791 0.2021 0.0250
vn 0.7850 -0.0500 -0.6174
vn 0.9926 0.1161 0.0346
vn 0.8652 0.1777 0.4689
vn 0.8516 0.4577 0.2555
vn 0.8790 -0.0257 -0.4762
vn 0.8680 0.0277 -0.4958
vn 0.7389 0.1878 0.6471
vn 0.6388 0.4358 0.6341
vn 0.6265 0.4144 0.6601
vn 0.6042 0.4988 0.6214
vn 0.5938 0.5052 0.6262
vn 0.6456 0.4480 0.6185
vn 0.6070 0.4996 0.6180
vn 0.5857 0.5541 0.5915
vn 0.5632 0.5694 0.5988
vn 0.5250 0.5937 0.6098
vn -0.2568 -0.0000 -0.9665
vn -0.2298 -0.0000 -0.9732
vn -0.4472 -0.0000 -0.8944
vn 0.2298 -0.0001 -0.9732
vn -0.4278 0.2912 -0.8557
vn -0.2122 0.2983 -0.9306
vn -0.2297 -0.0000 -0.9733
vn 0.2121 0.2983 -0.9306
vn 0.2274 0.3229 -0.9187
vn -0.0000 0.3162 -0.9487
vn -0.0000 0.6000 -0.8000
vn 0.2041 0.5874 -0.7832
vn 0.2122 0.2983 -0.9306
vn -0.4278 0.2911 -0.8557
vn -0.3714 0.5571 -0.7428
vn -0.2041 0.5874 -0.7832
vn 0.1712 0.5911 -0.7882
vn -0.4246 0.3142 -0.8491
vn 0.2275 0.3230 -0.9187
vn 0.1712 0.5912 -0.7882
vn 0.2275 0.3229 -0.9187
vn -0.6765 0.0160 0.7362
vn -0.5845 0.3565 0.7289
vn -0.6953 0.0886 0.7133
vn -0.8299 0.0213 0.5576
vn -0.9967 -0.0522 -0.0622
vn -0.9274 -0.3062 -0.2147
vn -0.8930 -0.1974 -0.4044
vn -0.9925 0.0035 -0.1223
vn -0.8299 0.0213 0.5575
vn -0.9312 -0.2587 0.2568
vn -0.9967 -0.0522 0.0622
vn -0.9945 -0.0579 -0.0871
vn -0.9260 0.3685 -0.0815
vn -0.8828 0.4182 0.2139
vn -0.9599 -0.0323 0.2784
vn -0.8112 0.1507 0.5650
vn -0.9701 0.2425 -0.0000
vn -0.9231 -0.1926 0.3327
vn -0.9234 -0.2726 -0.2701
vn -0.9274 -0.3063 -0.2147
vn -0.8144 -0.1527 -0.5599
vn -0.8931 -0.1974 -0.4043
vn -0.8041 0.5941 -0.0240
vn -0.6688 0.6977 0.2568
vn -0.4387 0.6657 0.6036
vn -0.5002 0.3261 0.8022
vn -0.6952 0.0886 0.7133
vn -0.6566 0.0161 0.7541
vn -0.6766 0.0160 0.7362
vn -0.9851 -0.1709 0.0201
vn -0.9361 -0.0638 0.3459
vn -0.8946 -0.0000 0.4469
vn -0.6918 -0.0000 0.7221
vn -0.9361 -0.0637 0.3459
vn -0.9732 -0.0000 -0.2298
vn -0.9430 0.1716 -0.2852
vn -0.9515 0.3076 0.0074
vn -0.9898 0.0460 0.1350
vn -0.8649 0.4866 -0.1236
vn -0.8196 0.5053 -0.2700
vn -0.9232 0.3841 0.0148
vn -0.7443 0.1851 -0.6417
vn -0.8279 0.1089 -0.5502
vn -0.5339 0.1564 -0.8309
vn -0.6173 0.0740 -0.7832
vn -0.6298 0.0599 -0.7745
vn -0.6323 0.0083 -0.7747
vn -0.6887 0.0741 -0.7212
vn -0.7496 0.2005 -0.6308
vn -0.9898 -0.0460 0.1350
vn -0.9584 0.0876 0.2718
vn -0.9584 -0.0876 0.2718
vn -0.6322 0.0083 -0.7747
vn -0.6257 0.0167 -0.7799
vn -0.7324 0.1672 -0.6600
vn -0.8649 0.4865 -0.1236
vn -0.8665 0.4607 -0.1921
vn -0.8144 0.4581 -0.3563
vn -0.8575 0.3871 -0.3389
vn -0.8486 0.4243 -0.3158
vn -0.8279 0.1089 -0.5501
vn -0.7575 0.2151 -0.6164
vn -0.5512 0.2605 -0.7926
vn -0.9849 0.1224 -0.1224
vn -0.9635 0.2409 -0.1164
vn -0.8280 0.1089 -0.5501
vn -0.8944 -0.0000 -0.4472
vn -0.8487 0.4243 -0.3158
vn -0.6887 0.0742 -0.7212
vn -0.9515 0.3077 0.0074
vn -0.9231 0.3842 0.0148
vn -0.9909 -0.0951 0.0951
vn -0.9666 -0.1812 0.1812
vn -0.9872 -0.0000 -0.1597
vn -0.9909 -0.0952 0.0952
vn -0.6724 0.0001 -0.7402
vn -0.9733 -0.0000 -0.2297
vn -0.6668 0.6668 -0.3329
vn -0.6802 0.5031 -0.5330
vn -0.7822 0.6155 -0.0966
vn -0.7047 0.7047 -0.0823
vn -0.9732 0.0001 -0.2298
vn -0.9563 0.2687 -0.1156
vn -0.7444 0.1851 -0.6416
vn -0.6132 0.4121 -0.6739
vn -0.7274 0.3150 -0.6096
vn -0.8480 0.0517 -0.5274
vn -0.6297 0.0599 -0.7745
vn -0.6179 0.3623 -0.6978
vn -0.0985 -0.0000 -0.9951
vn -0.6197 0.0222 -0.7845
vn -0.6724 -0.0000 -0.7402
vn -0.8575 0.3872 -0.3389
vn -0.7443 0.1850 -0.6417
vn -0.6297 0.0600 -0.7745
vn -0.6325 0.6325 -0.4472
vn -0.6173 0.0739 -0.7832
vn -0.9733 -0.0001 -0.2297
vn -0.7443 0.1850 -0.6416
vn -0.6803 0.5031 -0.5330
vn -0.5773 0.5773 -0.5774
vn -0.5774 0.5774 -0.5773
vn -0.9816 0.1351 -0.1351
vn -0.8928 0.4504 -0.0073
vn -0.9515 0.3077 -0.0074
vn -0.9898 0.0460 -0.1350
vn -0.5257 -0.0000 0.8506
vn -0.4579 0.1015 0.8832
vn -0.3652 0.1826 0.9129
vn -0.3413 0.0959 0.9350
vn -0.8802 0.2771 0.3852
vn -0.8356 0.4178 0.3568
vn -0.9733 -0.0000 0.2297
vn -0.9450 0.2312 0.2312
vn -0.4579 0.1014 0.8832
vn -0.5257 -0.0000 0.8507
vn -0.3651 0.1826 0.9129
vn -0.9840 -0.1784 -0.0000
vn -0.9840 0.1784 -0.0000
vn -0.9816 -0.1351 -0.1351
vn -0.8747 0.4374 0.2087
vn -0.4865 0.2433 0.8391
vn -0.8583 0.5131 -0.0000
vn -0.8029 0.5962 -0.0000
vn -0.8195 0.5568 0.1352
vn -0.8928 0.4505 -0.0073
vn -0.3694 0.0224 0.9290
vn -0.3693 0.0223 0.9290
vn -0.9200 0.0580 0.3877
vn -0.8802 0.2770 0.3852
vn -0.8928 0.4505 -0.0074
vn -0.8196 0.5568 0.1352
vn -0.8649 0.4865 0.1236
vn -0.9515 0.3076 -0.0074
vn -0.8665 0.4607 0.1921
vn -0.8774 0.4387 0.1944
vn -0.4865 0.2432 0.8391
vn -0.5923 0.2961 0.7493
vn -0.8480 0.5300 -0.0000
vn -0.8467 0.5054 0.1662
vn -0.8467 0.5055 0.1662
vn -0.9239 -0.0000 0.3827
vn -0.9981 0.0621 -0.0000
vn -0.3693 0.0224 0.9290
vn -0.3827 -0.0000 0.9239
vn -0.9898 -0.0460 -0.1350
vn -0.9732 -0.0000 0.2298
vn -0.6139 -0.0000 0.7894
vn -0.8803 0.2770 0.3852
vn -0.9200 0.0580 0.3876
vn -0.9571 0.2898 -0.0000
vn -0.5257 -0.0002 0.8507
vn -0.5399 -0.0000 0.8417
vn -0.9590 -0.2683 -0.0913
vn -0.9909 -0.0951 -0.0951
vn -0.4066 0.2033 0.8907
vn -0.8355 0.4178 0.3568
vn -0.8487 0.4243 0.3158
vn -0.5400 -0.0000 0.8417
vn -0.9909 -0.0952 -0.0952
vn -0.9872 -0.0000 0.1597
vn -0.8486 0.4243 0.3158
vn -0.9363 -0.3511 -0.0000
vn -0.9709 0.0610 -0.2314
vn -0.9303 0.2891 -0.2257
vn -0.9720 0.0600 -0.2274
vn -0.8931 0.0546 -0.4465
vn -0.8696 0.4348 -0.2338
vn -0.8747 0.4374 -0.2087
vn -0.8806 0.4403 -0.1755
vn -0.8774 0.4387 -0.1944
vn -0.9360 0.2772 -0.2171
vn -0.9719 0.0600 -0.2274
vn -0.9360 0.2772 -0.2170
vn -0.8165 0.4082 -0.4082
vn -0.8931 0.0547 -0.4465
vn -0.8661 0.2499 -0.4330
vn -0.8601 0.2745 -0.4300
vn -0.8580 0.2616 -0.4421
vn -0.8125 0.4062 -0.4181
vn -0.8130 0.4065 -0.4168
vn -0.7215 0.2705 -0.6373
vn -0.7246 0.2788 -0.6302
vn -0.8889 0.1111 -0.4444
vn -0.8848 0.0737 -0.4600
vn -0.7753 0.1765 -0.6065
vn -0.7877 0.1108 -0.6060
vn -0.6827 0.1444 -0.7163
vn -0.6872 0.1030 -0.7191
vn -0.7246 0.2787 -0.6303
vn -0.5950 0.1258 -0.7938
vn -0.5490 0.0915 -0.8308
vn -0.7877 0.1107 -0.6060
vn -0.7640 0.1453 -0.6287
vn -0.5973 0.2816 -0.7509
vn -0.8848 0.0738 -0.4600
vn -0.8838 -0.0000 -0.4679
vn -0.7640 0.1452 -0.6287
vn -0.7752 0.1765 -0.6065
vn -0.0000 0.9910 -0.1338
vn -0.0472 0.9852 -0.1646
vn -0.0000 1.0000 -0.0000
vn -0.0000 0.9985 -0.0553
vn -0.0000 0.9640 -0.2659
vn -0.0953 0.9438 -0.3164
vn -0.1584 0.9658 -0.2052
vn -0.1316 0.9072 -0.3996
vn -0.2628 0.9573 -0.1204
vn -0.1452 0.9894 -0.0000
vn -0.2420 0.9703 -0.0000
vn -0.2627 0.9573 -0.1204
vn -0.1961 0.9806 -0.0000
vn 0.1234 0.9850 -0.1209
vn 0.1452 0.9894 -0.0000
vn -0.1316 0.9072 -0.3995
vn 0.1468 0.9519 -0.2690
vn 0.1496 0.9795 -0.1346
vn 0.1408 0.9571 -0.2534
vn 0.1235 0.9850 -0.1209
vn 0.1497 0.9795 -0.1346
vn 0.0218 0.9995 0.0218
vn -0.0249 0.9969 0.0741
vn -0.0000 0.9978 0.0662
vn -0.0928 0.9824 0.1623
vn -0.0397 0.9992 -0.0000
vn -0.1292 0.9907 0.0433
vn -0.1786 0.9838 0.0181
vn 0.1667 0.9634 0.2101
vn 0.0741 0.9945 0.0733
vn 0.0801 0.9855 0.1495
vn 0.0743 0.9960 0.0493
vn 0.1100 0.9878 0.1100
vn 0.0368 0.9986 0.0368
vn 0.0498 0.9988 -0.0000
vn 0.1464 0.9865 0.0730
vn 0.1220 0.9913 0.0495
vn -0.0368 0.9986 0.0368
vn -0.0248 0.9994 0.0248
vn -0.0803 0.9855 0.1497
vn -0.0000 0.9933 0.1153
vn -0.2298 0.9732 -0.0129
vn -0.1949 0.9801 0.0368
vn -0.1464 0.9865 0.0730
vn -0.1100 0.9878 0.1100
vn -0.1291 0.9907 0.0433
vn 0.0993 0.9928 0.0663
vn 0.0741 0.9946 0.0733
vn 0.1666 0.9634 0.2101
vn 0.0748 0.9969 0.0249
vn 0.0995 0.9950 -0.0000
vn -0.2297 0.9732 -0.0129
vn -0.1713 0.9849 -0.0257
vn -0.1713 0.9852 -0.0000
vn 0.0802 0.9855 0.1495
vn 0.1667 0.9634 0.2102
vn 0.0801 0.9855 0.1494
vn 0.0883 0.9658 0.2438
vn 0.0370 0.9933 0.1096
vn -0.0370 0.9933 0.1096
vn -0.0883 0.9658 0.2439
vn -0.0000 0.9734 0.2290
vn -0.0883 0.9658 0.2438
vn -0.0730 0.9865 0.1464
vn 0.0883 0.9658 0.2439
vn -0.1786 0.9837 0.0181
vn 0.0730 0.9865 0.1464
vn -0.0370 0.9933 0.1095
vn 0.0370 0.9933 0.1095
vn 0.0864 0.9795 -0.1822
vn 0.0421 0.9982 -0.0421
vn 0.1933 0.9454 -0.2623
vn 0.1891 0.9820 -0.0000
vn -0.0841 0.9965 -0.0000
vn -0.1004 0.9732 -0.2067
vn 0.0712 0.9922 -0.1025
vn 0.0639 0.9980 -0.0000
vn -0.1024 0.9947 -0.0051
vn -0.0847 0.9964 -0.0021
vn -0.1082 0.9810 -0.1613
vn -0.0000 0.9892 -0.1466
vn -0.0000 0.9570 -0.2902
vn -0.1025 0.9447 -0.3116
vn -0.1507 0.9113 -0.3831
vn 0.2177 0.9108 -0.3507
vn 0.1025 0.9447 -0.3116
vn 0.0864 0.9794 -0.1823
vn -0.1081 0.9810 -0.1614
vn -0.0821 0.9966 -0.0020
vn -0.0802 0.9968 -0.0040
vn -0.1082 0.9810 -0.1614
vn -0.1508 0.9113 -0.3831
vn 0.3714 0.9285 -0.0000
vn 0.0638 0.9980 -0.0000
vn 0.0711 0.9922 -0.1025
vn -0.0718 0.9958 -0.0574
vn -0.0465 0.9989 -0.0042
vn -0.0248 0.9995 0.0174
vn -0.0569 0.9976 0.0399
vn -0.0632 0.9960 0.0632
vn -0.0632 0.9978 0.0212
vn -0.0423 0.9982 0.0423
vn -0.0423 0.9911 0.1262
vn -0.0437 0.9979 0.0481
vn -0.0193 0.9978 0.0632
vn -0.0381 0.9912 0.1266
vn -0.0768 0.9935 0.0844
vn -0.0713 0.9894 0.1266
vn -0.0002 0.9951 0.0990
vn -0.0340 0.9993 0.0157
vn -0.0509 0.9987 0.0083
vn -0.0569 0.9976 0.0398
vn -0.0249 0.9995 0.0174
vn -0.0192 0.9978 0.0632
vn 0.0307 0.9911 0.1296
vn 0.0125 0.9992 0.0374
vn 0.0307 0.9911 0.1297
vn 0.0104 0.9839 0.1786
vn -0.0000 0.9852 0.1713
vn -0.0000 0.9908 0.1355
vn -0.0211 0.9996 0.0211
vn -0.0212 0.9978 0.0632
vn -0.0000 0.9998 -0.0210
vn -0.0000 0.9965 0.0841
vn -0.0000 0.9988 0.0498
vn 0.0128 0.9907 0.1355
vn -0.0712 0.9894 0.1266
vn 0.0257 0.9849 0.1713
vn 0.0129 0.9907 0.1355
vn 0.0430 0.9617 -0.2709
vn 0.1029 0.9849 -0.1389
vn -0.0000 0.8944 -0.4472
vn 0.1266 0.9911 -0.0419
vn 0.1691 0.9853 -0.0237
vn 0.1029 0.9850 -0.1388
vn 0.1676 0.9859 -0.0000
vn 0.1868 0.9824 -0.0000
vn 0.1868 0.9824 0.0052
vn 0.2096 0.9778 -0.0069
vn 0.2060 0.9785 -0.0000
vn 0.2060 0.9785 0.0103
vn 0.1923 0.9813 -0.0000
vn 0.1880 0.9821 0.0105
vn 0.2169 0.9762 -0.0000
vn 0.1551 0.9879 0.0011
vn 0.0797 0.9968 0.0012
vn 0.0719 0.9973 0.0165
vn 0.1599 0.9870 0.0152
vn 0.1625 0.9866 -0.0150
vn 0.0847 0.9964 -0.0046
vn 0.0497 0.9982 0.0348
vn 0.0013 1.0000 0.0013
vn 0.0846 0.9964 -0.0046
vn 0.0754 0.9969 0.0242
vn 0.1624 0.9866 -0.0149
vn -0.0013 0.9975 0.0705
vn -0.0976 0.9759 0.1952
vn -0.0730 0.9898 0.1224
vn 0.1819 0.9832 0.0147
vn -0.0212 0.9995 0.0237
vn 0.0012 1.0000 0.0012
vn 0.0038 1.0000 0.0012
vn 0.0796 0.9968 0.0012
vn 0.0037 1.0000 0.0013
vn 0.1485 0.9877 0.0493
vn 0.1479 0.9878 0.0495
vn 0.1818 0.9832 0.0147
vn 0.0754 0.9969 0.0241
vn 0.0772 0.4634 -0.8828
vn 0.0665 0.4638 -0.8834
vn -0.3286 0.4390 -0.8362
vn -0.3599 0.4337 -0.8261
vn 0.4015 0.3621 0.8412
vn 0.4032 0.3628 0.8401
vn 0.4290 0.3452 0.8347
vn 0.4338 0.3447 0.8325
vn 0.2890 0.4594 0.8399
vn 0.3138 0.4593 0.8310
vn 0.3544 0.4008 0.8449
vn 0.3844 0.3955 0.8342
vn 0.6023 0.4376 0.6676
vn 0.6146 0.4354 0.6578
vn 0.3138 0.4592 0.8310
vn -0.6730 0.3438 -0.6549
vn -0.6765 0.3423 -0.6520
vn 0.0330 0.8481 -0.5288
vn -0.1330 0.9113 -0.3896
vn 0.5395 0.3525 0.7646
vn 0.3673 0.7934 0.4854
vn 0.2480 0.8255 0.5070
vn 0.2325 0.7984 0.5554
vn 0.1518 0.9001 0.4083
vn 0.3544 0.4007 0.8449
vn 0.4033 0.3628 0.8401
vn 0.2479 0.8255 0.5070
vn 0.3025 0.7429 0.5972
vn 0.4290 0.3452 0.8348
vn 0.1519 0.9001 0.4083
vn 0.4738 0.7308 0.4913
vn -0.1329 0.9113 -0.3897
vn -0.3642 0.8590 -0.3598
vn 0.5047 0.3601 0.7846
vn -0.3642 0.8590 -0.3597
vn -0.1329 0.9113 -0.3896
vn 0.3844 0.3954 0.8342
vn -0.0116 0.4907 -0.8713
vn -0.0056 0.4905 -0.8714
vn -0.2686 0.6761 -0.6862
vn -0.3466 0.4930 -0.7980
vn 0.8409 0.5412 0.0057
vn 0.5125 0.8587 0.0019
vn 0.4867 0.8720 0.0534
vn 0.8659 0.4847 0.1235
vn 0.8562 0.5032 -0.1168
vn 0.4772 0.8774 -0.0490
vn -0.7954 0.5052 -0.3348
vn -0.3651 0.9203 -0.1405
vn -0.4764 0.8788 0.0261
vn -0.8516 0.5215 0.0526
vn -0.4764 0.8789 0.0262
vn -0.5156 0.8568 -0.0071
vn -0.8573 0.5142 -0.0231
vn -0.4964 0.8676 -0.0300
vn -0.8746 0.4807 -0.0634
vn 0.8510 0.4027 -0.3370
vn 0.5742 0.7756 -0.2621
vn 0.5286 0.8488 -0.0095
vn 0.8974 0.4401 -0.0315
vn 0.5286 0.8488 -0.0096
vn 0.4773 0.8775 -0.0473
vn 0.8563 0.5032 -0.1168
vn -0.3651 0.9203 -0.1406
vn 0.8370 0.3181 -0.4452
vn 0.4334 0.8819 -0.1857
vn -0.3936 0.9075 0.1468
vn -0.8261 0.4338 0.3596
vn -0.8262 0.4338 0.3596
vn -0.6097 0.7563 0.2372
vn -0.8994 0.3515 0.2598
vn 0.4863 0.8720 0.0555
vn 0.5945 0.8030 0.0415
vn 0.8904 0.4379 0.1241
vn -0.5808 0.4284 -0.6922
vn -0.5129 0.7358 -0.4421
vn 0.5129 0.7358 -0.4421
vn 0.5808 0.4284 -0.6922
vn -0.6096 0.7564 0.2372
vn 0.5808 0.4283 -0.6922
vn -0.0177 0.4909 -0.8711
vn -0.3740 0.4910 -0.7867
vn 0.8408 0.5413 0.0075
vn 0.8593 0.4885 0.1516
vn 0.8666 0.4082 -0.2869
vn 0.8965 0.4401 -0.0500
vn -0.8735 0.4806 -0.0773
vn -0.8134 0.4270 0.3950
vn 0.8808 0.4449 0.1618
vn 0.5125 0.8587 -0.0000
vn 0.4772 0.8774 -0.0491
vn -0.5157 0.8568 -0.0000
vn -0.3937 0.9075 0.1467
vn -0.4964 0.8676 -0.0299
vn -0.2686 0.6761 -0.6861
vn 0.4334 0.8818 -0.1857
vn -0.6097 0.7563 0.2371
vn -0.3937 0.9075 0.1468
vn 0.8519 0.5043 -0.1409
vn -0.7899 0.5021 -0.3520
vn -0.8512 0.5215 0.0594
vn -0.8570 0.5144 -0.0304
vn -0.8746 0.4807 -0.0633
vn 0.7995 0.3235 -0.5061
vn 0.8520 0.5043 -0.1409
vn -0.3741 0.4910 -0.7868
vn -0.8134 0.4270 0.3951
vn -0.8262 0.4337 0.3596
vn -0.9129 0.3617 0.1891
vn -0.4764 0.4333 -0.7650
vn 0.4764 0.4333 -0.7650
vn 0.8146 0.3778 0.4402
vn 0.8142 0.3787 0.4400
vn 0.8342 0.3992 0.3804
vn 0.8465 0.4029 0.3481
vn 0.6795 0.3447 0.6476
vn 0.6853 0.3446 0.6415
vn 0.6707 0.3188 0.6697
vn 0.6706 0.3190 0.6697
vn -0.7154 0.5500 -0.4309
vn -0.7421 0.5506 -0.3822
vn -0.7838 0.4858 -0.3867
vn -0.7957 0.4986 -0.3440
vn 0.8142 0.3787 0.4401
vn 0.4267 0.8754 0.2272
vn 0.5326 0.8039 0.2648
vn 0.4311 0.8106 0.3963
vn 0.4128 0.8120 0.4126
vn 0.8432 0.4216 0.3335
vn 0.7626 0.5854 0.2752
vn 0.8909 0.4454 0.0891
vn 0.8158 0.4127 0.4051
vn 0.5342 0.8034 0.2629
vn -0.7839 0.4858 -0.3867
vn -0.5126 0.8150 -0.2702
vn -0.4028 0.9041 -0.1426
vn -0.8297 0.4414 -0.3418
vn 0.8823 0.4329 0.1847
vn 0.5697 0.8136 0.1167
vn -0.3530 0.9222 -0.1578
vn -0.5257 0.8507 -0.0000
vn 0.8343 0.3992 0.3804
vn -0.5792 0.5028 -0.6417
vn -0.2393 0.9382 -0.2498
vn -0.3530 0.9222 -0.1577
vn 0.8164 0.4138 0.4029
vn 0.8358 0.4179 0.3561
vn 0.8816 0.4329 0.1882
vn 0.8823 0.4329 0.1848
vn 0.8163 0.4138 0.4029
vn -0.8134 0.4353 -0.3858
vn -0.8297 0.4413 -0.3419
vn -0.5527 0.5012 -0.6658
vn -0.2393 0.9383 -0.2499
vn 0.5326 0.8039 0.2647
vn -0.3529 0.9223 -0.1577
vn 0.4129 0.8120 0.4126
vn 0.4266 0.8754 0.2272
vn -0.5257 0.8506 -0.0000
vn 0.4310 0.8106 0.3963
vn 0.8466 0.4026 0.3481
vn 0.8145 0.3778 0.4402
vn -0.8560 0.4280 0.2900
vn -0.4000 0.9089 0.1175
vn -0.5489 0.7910 0.2701
vn -0.8295 0.4147 0.3741
vn -0.5490 0.8358 -0.0000
vn -0.4000 0.9090 0.1174
vn -0.8560 0.4280 0.2901
vn 0.8924 0.4462 0.0669
vn 0.5307 0.8466 0.0401
vn 0.5008 0.8656 -0.0000
vn 0.8944 0.4472 -0.0000
vn -0.8909 0.4454 0.0891
vn -0.5240 0.8501 0.0524
vn 0.5240 0.8501 -0.0524
vn 0.8909 0.4454 -0.0891
vn -0.8295 0.4147 0.3742
vn -0.5490 0.7910 0.2701
vn -0.5482 0.8345 0.0548
vn 0.8387 0.4194 -0.3473
vn 0.5722 0.7764 -0.2643
vn 0.5307 0.8467 0.0382
vn 0.5490 0.8358 -0.0000
vn 0.5001 0.8645 0.0500
vn -0.6376 0.3188 -0.7013
vn -0.5396 0.5971 -0.5936
vn -0.3816 0.9152 -0.1296
vn -0.8420 0.4210 -0.3373
vn 0.6520 0.3260 -0.6846
vn 0.2677 0.9216 -0.2811
vn 0.8388 0.4194 -0.3473
vn -0.5239 0.8501 0.0524
vn 0.5239 0.8501 -0.0524
vn 0.5721 0.7764 -0.2643
vn -0.8478 0.4239 0.3186
vn 0.8523 0.4262 -0.3033
vn 0.8925 0.4462 0.0664
vn -0.8298 0.4149 -0.3732
vn 0.8523 0.4261 -0.3033
vn -0.8412 0.4206 0.3400
vn -0.8412 0.4206 0.3399
vn -0.8953 0.4455 -0.0019
vn -0.8953 0.4455 -0.0032
vn 0.7530 0.4240 0.5032
vn 0.7542 0.4243 0.5011
vn 0.8056 0.4242 0.4136
vn 0.8034 0.4242 0.4180
vn -0.8699 0.4349 0.2325
vn -0.8605 0.4302 0.2728
vn 0.8852 0.4491 -0.1214
vn 0.8864 0.4495 -0.1108
vn 0.8693 0.4103 -0.2757
vn 0.8800 0.4136 -0.2333
vn -0.5703 0.8215 -0.0000
vn -0.4755 0.8797 -0.0005
vn 0.4215 0.8634 0.2772
vn 0.4786 0.8439 0.2424
vn 0.9099 0.4095 -0.0662
vn 0.5107 0.8590 -0.0362
vn 0.5826 0.8021 -0.1311
vn 0.8888 0.4000 -0.2236
vn -0.6667 0.3333 0.6667
vn -0.2764 0.9204 0.2765
vn -0.5977 0.7729 0.2129
vn -0.8605 0.4302 0.2729
vn 0.5859 0.7813 -0.2152
vn -0.8535 0.4505 -0.2620
vn -0.5914 0.7817 -0.1980
vn -0.3061 0.9027 -0.3025
vn -0.6617 0.3783 -0.6473
vn -0.4747 0.8802 -0.0000
vn 0.3539 0.9346 -0.0368
vn 0.5859 0.7813 -0.2151
vn 0.6993 0.4114 0.5845
vn 0.5399 0.7052 0.4596
vn 0.4214 0.8635 0.2772
vn -0.4755 0.8797 -0.0004
vn 0.3539 0.9345 -0.0368
vn -0.2764 0.9204 0.2764
vn -0.5977 0.7729 0.2130
vn -0.5914 0.7817 -0.1981
vn -0.4755 0.8797 -0.0000
vn -0.5703 0.8214 -0.0000
vn 0.9098 0.4094 -0.0689
vn 0.8845 0.3980 -0.2432
vn -0.8603 0.4519 -0.2358
vn -0.6618 0.3783 -0.6473
vn -0.6651 0.3792 -0.6434
vn 0.7034 0.4123 0.5790
vn 0.8033 0.4242 0.4180
vn -0.8603 0.4520 -0.2358
vn 0.8767 0.4708 -0.0986
vn 0.8747 0.4711 -0.1143
vn -0.7353 0.4158 -0.5352
vn -0.7131 0.4123 -0.5670
vn -0.6906 0.4535 -0.5634
vn -0.6553 0.4396 -0.6143
vn -0.8867 0.4546 -0.0844
vn -0.8874 0.4547 -0.0765
vn -0.8853 0.4645 0.0217
vn -0.8849 0.4646 0.0333
vn 0.8266 0.5122 0.2334
vn 0.8099 0.5073 0.2944
vn 0.7836 0.4689 0.4074
vn 0.7747 0.4687 0.4245
vn -0.8788 0.4750 0.0467
vn -0.8789 0.4742 0.0527
vn -0.8854 0.4648 -0.0000
vn 0.4878 0.8729 -0.0000
vn 0.5292 0.8470 -0.0506
vn 0.8989 0.4381 0.0103
vn 0.5588 0.8292 0.0105
vn -0.5514 0.8342 -0.0000
vn -0.5022 0.8639 -0.0395
vn -0.6408 0.3573 -0.6795
vn -0.5184 0.6693 -0.5323
vn -0.4026 0.9016 -0.1585
vn -0.8245 0.4097 -0.3903
vn 0.3837 0.9039 0.1889
vn 0.5063 0.8583 0.0836
vn 0.8714 0.4591 0.1729
vn 0.8767 0.4708 -0.0987
vn 0.5305 0.8134 0.2385
vn -0.2750 0.9442 -0.1810
vn -0.4936 0.8691 0.0327
vn -0.5070 0.7473 -0.4295
vn -0.2751 0.9442 -0.1810
vn -0.5172 0.8558 -0.0000
vn 0.3837 0.9039 0.1890
vn 0.7837 0.4690 0.4074
vn 0.8881 0.4542 0.0706
vn 0.4837 0.8747 0.0300
vn 0.5588 0.8293 0.0105
vn 0.8466 0.4656 0.2578
vn 0.5479 0.8253 0.1370
vn -0.8853 0.4645 0.0219
vn -0.5173 0.8558 0.0064
vn -0.5087 0.8607 0.0193
vn -0.8754 0.4815 0.0441
vn 0.8989 0.4381 0.0049
vn -0.7983 0.4038 -0.4468
vn 0.5062 0.8583 0.0836
vn -0.5185 0.6693 -0.5322
vn -0.5089 0.8608 0.0127
vn -0.5173 0.8558 -0.0000
vn 0.5588 0.8293 0.0104
vn -0.6314 0.3545 -0.6897
vn -0.6407 0.3573 -0.6796
vn -0.8245 0.4098 -0.3903
vn 0.7747 0.4687 0.4244
vn 0.7837 0.4689 0.4074
vn 0.8651 0.4605 0.1987
vn 0.8862 0.4540 0.0928
vn 0.8881 0.4542 0.0707
vn 0.8377 0.4607 0.2932
vn -0.8754 0.4814 0.0441
vn -0.8743 0.4809 0.0656
vn -0.8164 0.4212 -0.3952
vn -0.8041 0.4134 -0.4273
vn -0.8366 0.4073 -0.3662
vn -0.8220 0.4016 -0.4038
vn -0.8110 0.4643 -0.3560
vn -0.8102 0.4655 -0.3563
vn -0.3914 0.4759 -0.7876
vn -0.3961 0.4765 -0.7849
vn -0.5324 0.7899 -0.3045
vn -0.4044 0.9018 -0.1527
vn -0.3915 0.4759 -0.7876
vn -0.2509 0.8176 -0.5183
vn -0.0831 0.8356 -0.5431
vn -0.1353 0.4738 -0.8702
vn -0.6198 0.3564 0.6992
vn -0.2376 0.9330 0.2702
vn -0.5747 0.7804 0.2462
vn -0.8363 0.4564 0.3038
vn -0.5324 0.7898 -0.3045
vn 0.8274 0.4453 0.3423
vn 0.3878 0.9094 0.1505
vn 0.4965 0.8675 -0.0300
vn 0.8746 0.4806 -0.0632
vn -0.8102 0.4655 -0.3562
vn -0.5515 0.7979 -0.2434
vn 0.6826 0.3786 0.6251
vn 0.3011 0.9087 0.2893
vn 0.3878 0.9094 0.1504
vn -0.4044 0.9017 -0.1527
vn 0.4965 0.8675 -0.0301
vn 0.5223 0.8497 -0.0718
vn 0.8569 0.4927 -0.1517
vn -0.2375 0.9330 0.2702
vn -0.4044 0.9017 -0.1526
vn -0.3962 0.4765 -0.7848
vn -0.1354 0.4738 -0.8702
vn -0.1373 0.4738 -0.8698
vn -0.6240 0.3588 0.6942
vn -0.8511 0.4626 0.2482
vn 0.8264 0.4411 0.3500
vn 0.8746 0.4807 -0.0632
vn 0.8735 0.4808 -0.0769
vn 0.6999 0.3801 0.6047
vn 0.8734 0.4808 -0.0769
vn 0.8526 0.4902 -0.1812
vn -0.8511 0.4625 0.2482
vn -0.8041 0.4135 -0.4273
vn 0.0483 0.4434 0.8950
vn 0.0302 0.8273 0.5609
vn -0.0906 0.8394 0.5359
vn -0.1470 0.4424 0.8847
vn -0.8885 0.4368 -0.1408
vn -0.3647 0.9294 -0.0562
vn -0.5005 0.8657 -0.0065
vn -0.9074 0.4196 -0.0238
vn 0.8940 0.4470 0.0294
vn 0.5561 0.8309 0.0189
vn 0.5283 0.8058 0.2675
vn 0.7999 0.4418 0.4062
vn 0.4290 0.4711 0.7707
vn 0.2149 0.8979 0.3841
vn 0.4746 0.7291 0.4931
vn 0.6031 0.4584 0.6528
vn 0.8693 0.2931 -0.3979
vn 0.3728 0.9042 -0.2085
vn 0.1836 0.9139 -0.3622
vn 0.5166 0.3443 -0.7840
vn 0.1836 0.9139 -0.3621
vn -0.1756 0.9095 -0.3768
vn -0.4810 0.3447 -0.8061
vn -0.3263 0.9199 -0.2174
vn -0.8281 0.3082 -0.4682
vn 0.5001 0.8645 -0.0500
vn 0.0156 0.4615 0.8870
vn 0.0033 0.8880 0.4598
vn 0.2990 0.8013 0.5182
vn 0.4359 0.4365 0.7871
vn -0.6031 0.7941 0.0751
vn -0.9135 0.3967 0.0904
vn 0.0302 0.8273 0.5610
vn -0.0906 0.8394 0.5358
vn -0.8880 0.4366 -0.1443
vn -0.9066 0.4204 -0.0380
vn -0.5552 0.2633 -0.7889
vn -0.8879 0.2293 -0.3988
vn 0.9186 0.2391 -0.3146
vn 0.5921 0.2772 -0.7567
vn 0.8941 0.4470 0.0282
vn -0.9144 0.3985 0.0719
vn 0.4291 0.4696 0.7715
vn 0.5896 0.4593 0.6644
vn 0.5561 0.8309 0.0190
vn -0.3263 0.9199 -0.2173
vn 0.2149 0.8979 0.3842
vn -0.0000 0.8880 0.4599
vn 0.0033 0.8880 0.4599
vn 0.0301 0.8273 0.5610
vn -0.5006 0.8657 -0.0000
vn 0.8005 0.4427 0.4040
vn -0.1442 0.4425 0.8851
vn -0.1469 0.4424 0.8847
vn 0.0292 0.4629 0.8859
vn 0.4222 0.4365 0.7945
vn 0.0477 0.4436 0.8950
vn 0.4222 0.4364 0.7945
vn 0.4291 0.4697 0.7715
vn -0.0118 0.8930 -0.4499
vn 0.0118 0.8771 -0.4801
vn -0.1756 0.9095 0.3768
vn -0.1581 0.9048 -0.3954
vn 0.1832 0.9134 0.3634
vn -0.3263 0.9199 0.2173
vn 0.3748 0.9034 0.2082
vn -0.2667 0.7779 -0.5690
vn -0.3797 0.8496 -0.3660
vn -0.2104 0.8065 -0.5525
vn -0.5247 0.6845 -0.5061
vn 0.5203 0.3398 0.7835
vn 0.8727 0.2846 0.3967
vn -0.8284 0.3029 0.4711
vn -0.3263 0.9199 0.2174
vn -0.4807 0.3418 0.8075
vn -0.0016 0.5155 -0.8569
vn -0.0119 0.8930 -0.4499
vn -0.0456 0.5476 -0.8355
vn 0.5203 0.3397 0.7835
vn -0.3535 0.4864 -0.7990
vn -0.3874 0.4041 -0.8286
vn -0.3588 0.4364 -0.8251
vn -0.6691 0.4065 -0.6222
vn -0.5248 0.6845 -0.5060
vn -0.3828 0.8496 -0.3628
vn -0.6560 0.4435 -0.6107
vn -0.3873 0.4041 -0.8286
vn -0.1581 0.9048 -0.3953
vn -0.3536 0.4864 -0.7990
vn -0.5635 0.2557 0.7856
vn 0.6048 0.2697 0.7493
vn -0.8875 0.2179 0.4059
vn -0.5635 0.2556 0.7856
vn 0.9216 0.2272 0.3148
vn -0.0268 0.5169 -0.8556
vn -0.0735 0.5487 -0.8328
vn -0.6781 0.4072 -0.6118
vn -0.6663 0.4444 -0.5988
vn -0.3212 0.4447 -0.8361
vn -0.3956 0.4896 -0.7771
vn -0.4276 0.3975 -0.8119
vn -0.4276 0.3976 -0.8118
vn -0.3873 0.4042 -0.8286
vn -0.3956 0.4895 -0.7771
vn 0.8952 0.4456 0.0035
vn 0.8952 0.4456 0.0022
vn 0.8755 0.4336 0.2131
vn 0.8772 0.4372 0.1985
vn 0.8952 0.4456 0.0023
vn 0.5111 0.8595 0.0006
vn 0.4507 0.8121 0.3705
vn 0.8746 0.4355 0.2131
vn -0.5747 0.5819 -0.5754
vn -0.3234 0.8894 -0.3231
vn -0.3012 0.9035 -0.3050
vn -0.5647 0.5855 -0.5816
vn 0.3678 0.5900 0.7187
vn 0.4507 0.8122 0.3705
vn -0.0289 0.8722 0.4882
vn -0.0951 0.5165 0.8510
vn -0.0289 0.8723 0.4882
vn 0.0046 0.8484 0.5294
vn -0.0000 0.4395 0.8982
vn 0.6882 0.2955 0.6626
vn 0.4238 0.8052 0.4149
vn -0.3848 0.6940 0.6086
vn -0.3589 0.4330 0.8269
vn -0.8886 0.3269 -0.3217
vn -0.6994 0.7005 -0.1417
vn 0.3447 0.3793 0.8587
vn 0.1500 0.8973 0.4150
vn 0.4237 0.8052 0.4149
vn -0.0000 0.8484 0.5294
vn 0.1501 0.8973 0.4150
vn -0.3847 0.6940 0.6086
vn -0.8886 0.3268 -0.3217
vn 0.2074 0.6137 0.7618
vn -0.1542 0.5165 0.8423
vn -0.5687 0.5844 -0.5788
vn -0.5614 0.5871 -0.5832
vn -0.1542 0.5164 0.8423
vn 0.3572 0.3732 0.8562
vn 0.7033 0.2920 0.6481
vn 0.6882 0.2955 0.6627
vn -0.1755 0.4578 0.8715
vn -0.7624 0.4612 -0.4540
vn -0.1755 0.4578 0.8716
vn 0.5111 0.8595 -0.0000
vn -0.3235 0.8894 -0.3230
vn -0.6994 0.7006 -0.1417
vn 0.8782 0.4351 0.1984
vn 0.8755 0.4336 0.2132
vn -0.5781 0.5189 -0.6297
vn -0.5874 0.5205 -0.6196
vn -0.5983 0.4430 -0.6677
vn -0.5796 0.4502 -0.6792
vn 0.6586 0.4443 0.6073
vn 0.6500 0.4442 0.6167
vn 0.6315 0.4345 0.6422
vn 0.6321 0.4340 0.6419
vn 0.6316 0.4345 0.6421
vn 0.6159 0.4252 0.6633
vn 0.6004 0.4211 0.6798
vn 0.0320 0.6866 -0.7263
vn 0.0210 0.6874 -0.7260
vn -0.2695 0.6709 -0.6908
vn -0.2547 0.6699 -0.6974
vn -0.5984 0.4429 -0.6677
vn -0.6136 0.3890 -0.6872
vn -0.5895 0.3778 -0.7140
vn -0.5596 0.5707 -0.6009
vn -0.5474 0.5727 -0.6102
vn 0.6499 0.4442 0.6167
vn 0.2958 0.9107 0.2884
vn 0.3740 0.8472 0.3773
vn 0.0095 0.6882 -0.7255
vn -0.2098 0.8013 -0.5602
vn -0.2695 0.6709 -0.6909
vn 0.2616 0.9261 0.2719
vn -0.3639 0.8487 -0.3837
vn -0.4568 0.7447 -0.4865
vn -0.3227 0.8858 -0.3334
vn -0.3414 0.8725 -0.3495
vn -0.4569 0.7447 -0.4865
vn -0.3414 0.8725 -0.3496
vn -0.5874 0.5206 -0.6196
vn 0.1052 0.9945 -0.0000
vn 0.1286 0.9917 -0.0000
vn 0.1118 0.9937 -0.0000
vn 0.1467 0.9892 -0.0000
vn -0.1240 0.9923 -0.0000
vn -0.0722 0.9974 0.0001
vn -0.0723 0.9974 -0.0000
vn -0.0723 0.9974 0.0001
vn 0.1468 0.9892 -0.0000
vn 0.0379 0.9993 -0.0000
vn 0.1117 0.9937 -0.0000
vn -0.1414 0.9899 -0.0000
vn 0.1521 0.9884 -0.0000
vn 0.1287 0.9917 -0.0000
vn -0.0164 0.9999 -0.0000
vn -0.0167 0.9999 0.0001
vn -0.0167 0.9999 -0.0000
vn -0.0722 0.9974 -0.0000
vn -0.0721 0.9974 0.0003
vn -0.0164 0.9999 0.0001
vn -0.0167 0.9999 0.0003
vn -0.0071 0.1157 -0.9933
vn -0.0066 0.1164 -0.9932
vn 0.0065 0.1225 -0.9924
vn 0.0070 0.1224 -0.9925
vn 0.0085 0.1614 -0.9868
vn 0.0056 0.1857 -0.9826
vn 0.0270 0.2413 -0.9701
vn 0.0205 0.2364 -0.9714
vn 0.0101 0.2092 0.9778
vn 0.0081 0.1525 0.9883
vn 0.0087 0.1523 0.9883
vn 0.0125 0.1873 0.9822
vn 0.0252 0.2525 0.9673
vn 0.0316 0.2559 0.9662
vn 0.0069 0.1224 -0.9925
vn 0.0085 0.1615 -0.9868
vn -0.1694 0.3473 0.9223
vn -0.0768 0.3100 0.9476
vn -0.0173 0.2844 0.9585
vn -0.0169 0.2781 -0.9604
vn -0.0734 0.3044 -0.9497
vn -0.1601 0.3426 -0.9257
vn -0.0088 0.1441 0.9895
vn -0.0082 0.1449 0.9894
vn -0.0016 0.1518 -0.9884
vn 0.0042 0.1730 -0.9849
vn 0.0151 0.2126 -0.9770
vn -0.0016 0.1519 -0.9884
vn 0.0403 0.2517 -0.9670
vn 0.0402 0.2517 -0.9670
vn -0.0050 0.1755 0.9845
vn -0.0089 0.1441 0.9895
vn 0.0007 0.1952 0.9808
vn 0.0115 0.2322 0.9726
vn -0.0050 0.1756 0.9845
vn 0.0404 0.2517 -0.9670
vn 0.0440 0.2602 0.9646
vn 0.0441 0.2603 0.9645
vn -0.0173 0.2844 0.9586
vn -0.9246 0.3808 0.0081
vn -0.9246 0.3808 -0.0081
vn -0.1595 0.9872 -0.0000
vn -0.1842 0.9829 -0.0000
vn -0.1882 0.9821 -0.0000
vn -0.1763 0.9843 -0.0000
vn -0.1764 0.9843 -0.0000
vn -0.1594 0.9872 -0.0000
vn -0.1146 0.9934 -0.0000
vn 0.9186 0.3953 0.0040
vn 0.9186 0.3953 -0.0040
vn 0.2104 0.3761 0.9024
vn 0.0186 0.2987 0.9542
vn 0.1021 0.3340 0.9370
vn -0.0469 0.2730 0.9609
vn -0.0506 0.2691 0.9618
vn -0.0503 0.2695 0.9617
vn -0.0503 0.2694 0.9617
vn 0.0984 0.3283 -0.9395
vn 0.0185 0.2922 -0.9562
vn 0.2009 0.3712 -0.9066
vn -0.0466 0.2603 -0.9644
vn -0.0469 0.2603 -0.9644
vn -0.0433 0.2611 -0.9643
vn 0.0983 0.3282 -0.9395
vn 0.2790 0.9377 0.2069
vn -0.1379 0.9843 -0.1100
vn -0.2716 0.9377 -0.2165
vn 0.2716 0.9377 0.2165
vn -0.2894 0.9377 -0.1920
vn -0.1380 0.9843 -0.1100
vt 0.000000 0.000000
vt 0.000000 1.000000
vt 1.000000 1.000000
vt 1.000000 0.000000
vt 1.000001 1.000000
vt 1.000002 1.000000
vt 0.999998 1.000000
vt 0.999995 1.000000
vt 0.999999 1.000000
vt 0.999997 1.000000
s 0
usemtl Texture_39
f 4/1/1 1/2/2 2/3/3 3/4/4
f 8/1/5 5/2/6 6/3/7 7/4/8
f 9/1/9 13/2/10 14/3/11 10/4/12
f 16/1/13 15/2/14 1/3/2 4/4/15
f 10/1/16 14/2/11 15/3/14 16/4/13
f 7/1/8 6/2/17 13/3/18 9/4/9
f 35/1/19 36/2/20 5/3/6 8/4/5
f 39/1/45 51/2/61 52/3/62 40/4/46
f 40/1/63 52/2/64 53/3/65 43/4/52
f 57/1/66 58/2/67 51/3/61 39/4/45
f 59/1/49 67/2/68 68/3/69 69/4/50
f 69/1/50 68/2/69 70/3/70 71/4/54
f 43/1/52 53/2/65 67/3/68 59/4/49
f 86/1/103 89/2/111 90/3/112 87/4/113
f 85/1/102 91/2/114 89/3/111 86/4/103
f 93/1/115 92/2/91 91/3/114 85/4/102
f 106/1/107 105/2/87 92/3/91 93/4/110
f 107/1/106 108/2/116 105/3/87 106/4/107
f 109/1/117 115/2/87 108/3/116 107/4/106
f 120/1/94 127/2/94 128/3/95 121/4/95
f 87/1/109 129/2/97 127/3/94 120/4/94
f 87/1/109 90/2/118 129/4/97
f 134/1/148 138/2/149 139/3/150 135/4/139
f 145/1/151 142/2/152 143/3/153 144/4/154
f 134/4/148 152/2/155 138/3/156
f 161/1/141 158/2/157 159/3/158 160/4/159
f 170/1/160 167/2/161 168/3/162 169/4/146
f 163/1/155 171/2/155 152/3/155 134/4/148
f 160/1/163 159/2/158 171/3/155 163/4/155
f 169/1/146 168/2/162 182/3/164 180/4/165
f 180/1/166 182/2/164 158/3/157 161/4/167
f 144/1/168 143/2/153 167/3/169 170/4/145
f 190/2/199 191/3/200 192/4/201 193/1/202
f 192/1/201 191/2/203 196/3/195 194/4/195
f 202/1/204 199/2/205 200/3/206 201/4/191
f 207/1/207 204/2/208 205/3/209 206/4/188
f 201/1/191 200/2/206 204/3/208 207/4/207
f 194/1/196 196/2/196 208/3/197 209/4/197
f 209/1/210 208/2/210 199/3/205 202/4/211
f 216/1/227 220/2/233 221/3/234 217/4/228
f 225/1/235 222/2/236 223/3/237 224/4/238
f 229/1/231 238/3/239 239/2/57
f 224/1/238 223/2/240 238/3/239 229/4/241
f 217/1/228 221/2/234 222/3/236 225/4/235
f 229/1/231 239/2/57 244/3/57 230/4/57
f 251/1/257 248/2/258 249/3/259 250/4/260
f 253/1/190 252/2/190 248/3/261 251/4/257
f 255/1/262 254/2/262 252/3/190 253/4/190
f 259/1/263 256/2/262 257/3/264 258/4/264
f 258/1/264 257/2/264 254/3/263 255/4/263
f 250/1/260 249/2/259 281/3/265 276/4/266
f 282/1/190 284/2/190 256/3/262 259/4/262
f 294/1/297 291/2/298 292/3/299 293/4/300
f 291/3/301 294/4/297 300/1/302 299/2/303
f 301/1/304 309/2/305 310/3/306 302/4/306
f 312/1/307 311/2/308 309/3/305 301/4/304
f 293/1/309 292/2/310 311/3/308 312/4/307
f 318/1/311 317/2/312 299/3/303 300/4/302
f 399/1/421 396/2/422 397/3/423 398/4/424
f 416/1/425 420/2/426 421/3/427 417/4/428
f 417/1/428 421/2/429 422/3/430 419/4/431
f 419/1/431 422/2/430 423/3/432 408/4/433
f 441/1/481 438/2/482 439/3/459 440/4/459
f 440/1/459 439/2/459 442/3/460 443/4/460
f 447/1/483 444/2/484 445/3/485 446/4/486
f 455/1/469 452/2/469 453/3/487 454/4/488
f 454/1/488 453/2/489 465/3/490 466/4/491
f 468/1/492 467/2/492 452/3/469 455/4/469
f 466/1/491 465/2/490 471/3/493 472/4/466
f 446/1/494 445/2/485 438/3/495 441/4/496
f 444/3/484 447/4/483 476/1/497 477/2/498
f 443/1/460 442/2/460 467/3/471 468/4/471
f 482/1/511 479/2/512 480/3/513 481/4/514
f 494/1/515 497/2/516 498/3/517 495/4/518
f 500/1/519 499/2/520 497/3/516 494/4/515
f 495/1/518 498/2/517 479/3/521 482/4/511
f 513/1/522 514/2/522 515/3/523 504/4/524
f 504/1/524 515/2/523 517/3/426 505/4/426
f 505/1/426 517/2/426 499/3/520 500/4/525
f 530/1/558 528/2/570 529/3/554 526/4/554
f 519/1/554 539/2/554 540/3/571 520/4/555
f 545/1/155 543/2/572 544/3/573 531/4/557
f 549/1/574 546/2/575 547/3/575 548/4/574
f 553/1/155 550/2/572 551/3/572 552/4/155
f 552/1/155 551/2/572 543/3/572 545/4/155
f 520/1/555 540/2/571 546/3/575 549/4/574
f 531/1/557 544/2/573 528/3/570 530/4/558
f 526/1/554 529/2/554 539/3/554 519/4/554
f 564/1/155 568/2/572 550/3/572 553/4/155
f 566/1/155 570/2/572 568/3/572 564/4/155
f 648/2/680 649/3/681 640/4/672 650/1/682
f 640/1/683 649/2/681 653/3/684 641/4/673
f 661/2/685 662/3/686 663/4/687 664/1/677
f 666/1/688 665/2/689 661/3/685 664/4/677
f 663/1/687 662/2/686 648/3/680 650/4/682
f 673/1/690 674/2/689 665/3/689 666/4/688
f 704/1/574 701/2/575 702/3/732 703/4/713
f 726/1/741 729/2/756 730/3/757 731/4/744
f 752/1/758 756/2/759 757/3/760 753/4/751
f 725/1/748 733/2/761 729/3/756 726/4/741
f 731/1/744 730/2/762 767/3/763 735/4/745
f 735/1/745 767/2/763 756/3/759 752/4/750
f 782/1/814 779/2/815 780/3/816 781/4/817
f 783/1/818 787/2/819 788/3/820 784/4/821
f 781/1/817 780/2/816 787/3/819 783/4/818
f 791/1/822 792/2/823 779/3/815 782/4/814
f 799/1/824 801/2/825 802/3/826 800/4/827
f 808/3/828 803/4/829 800/1/827 802/2/830
f 803/1/829 808/2/828 792/3/823 791/4/822
f 866/1/899 863/2/900 864/3/901 865/4/902
f 880/1/903 878/2/904 879/3/904 858/4/903
f 858/1/903 879/2/904 881/3/905 859/4/895
f 859/1/895 881/2/905 863/3/900 866/4/899
f 865/1/902 864/2/901 882/3/906 883/4/898
f 886/1/907 887/2/904 878/3/904 880/4/903
f 883/1/908 882/2/909 889/3/900 890/4/899
f 898/1/920 904/2/928 905/3/929 906/4/916
f 906/1/930 905/2/929 907/3/931 908/4/932
f 911/1/923 909/2/933 910/3/934 902/4/924
f 902/1/924 910/2/934 922/3/935 894/4/912
f 894/1/912 922/2/935 923/3/936 895/4/937
f 904/3/928 898/4/920 895/1/913 923/2/936
f 939/1/963 936/2/964 937/3/965 938/4/958
f 924/1/966 942/2/967 943/3/968 925/4/950
f 951/1/969 950/2/970 942/3/967 924/4/966
f 932/1/971 955/2/972 956/3/973 933/4/954
f 958/1/974 957/2/975 955/3/972 932/4/976
f 962/1/977 961/2/977 936/3/964 939/4/963
f 933/1/954 956/2/973 950/3/978 951/4/969
f 938/1/979 937/2/965 957/3/975 958/4/974
f 987/1/1043 985/2/1045 986/3/1046 982/4/1031
f 983/1/1047 988/2/1048 989/3/1017 984/4/1017
f 995/1/1034 999/2/1049 1000/3/1050 996/4/1035
f 996/1/1035 1000/2/1051 985/3/1045 987/4/1043
f 1004/1/1039 1001/2/1052 1002/3/554 1003/4/1053
f 984/1/1026 989/2/1026 1017/3/1026 1007/4/1026
f 1008/1/1054 1018/2/1055 1001/3/1052 1004/4/1039
f 1007/1/1017 1017/2/1017 1018/3/1055 1008/4/1037
f 982/1/1031 986/2/1046 988/3/1048 983/4/1032
f 1027/1/1053 1031/2/554 1032/3/945 1028/4/1074
f 1044/1/1053 1041/2/554 1042/3/945 1043/4/1074
f 1028/1/1074 1032/2/987 1059/3/987 1051/4/1076
f 1043/1/1074 1042/2/987 1060/3/977 1052/4/1077
f 1051/1/1076 1059/2/945 1041/3/554 1044/4/1053
f 1039/1/1053 1061/2/554 1031/3/554 1027/4/1053
f 1072/1/1103 1078/2/1104 1079/3/1105 1073/4/1098
f 1071/1/1106 1080/2/1107 1078/3/1108 1072/4/1103
usemtl Texture_40
f 12/1/21 9/2/9 10/3/16 11/4/22
f 22/1/23 35/2/24 8/3/5 23/4/25
f 17/1/26 4/2/15 3/3/4 37/4/27
f 56/1/72 57/2/74 39/3/45 42/4/73
f 44/1/53 43/2/52 59/3/75 60/4/48
f 96/1/123 109/2/117 107/3/106 97/4/105
f 104/1/78 93/2/110 85/3/102 83/4/99
f 88/1/101 87/2/109 120/3/94 123/4/94
f 147/1/176 145/2/151 144/3/168 146/4/177
f 153/1/143 160/2/163 163/3/155 154/4/155
f 174/1/147 169/2/146 180/3/165 178/4/178
f 195/1/215 193/2/216 192/3/201 187/4/217
f 213/1/191 201/2/191 207/3/192 211/4/212
f 219/1/226 216/2/227 217/3/228 218/4/229
f 235/1/224 224/2/230 229/3/231 232/4/232
f 272/1/280 255/2/263 253/3/190 271/4/274
f 278/1/270 250/2/260 276/3/266 277/4/271
f 279/1/281 282/2/190 259/3/262 264/4/282
f 314/1/313 293/2/309 312/3/307 313/4/293
f 315/1/316 318/2/311 300/3/302 285/4/291
f 413/1/438 408/2/444 402/3/439 403/4/97
f 409/1/97 416/2/425 417/3/428 410/4/419
f 451/1/500 441/2/481 440/3/459 449/4/503
f 433/1/492 468/2/492 455/3/469 457/4/469
f 469/1/504 466/2/491 472/3/466 470/4/505
f 448/1/499 476/2/497 447/3/483 436/4/506
f 487/1/531 500/2/519 494/3/515 488/4/532
f 483/1/545 482/2/511 481/3/514 484/4/546
f 508/1/547 513/2/522 504/3/548 507/4/549
f 554/1/560 552/2/155 545/3/155 536/4/560
f 523/1/559 530/2/558 526/3/554 527/4/546
f 521/1/585 520/2/586 549/3/574 562/4/568
f 567/1/560 566/2/155 564/3/155 565/4/560
f 669/1/676 673/2/690 666/3/688 670/4/676
f 671/1/691 663/2/692 650/3/682 651/4/97
f 714/1/568 704/2/574 703/3/713 713/4/705
f 718/1/568 721/2/574 685/3/706 683/4/703
f 728/1/738 725/2/740 726/3/741 727/4/742
f 737/1/743 731/2/744 735/3/745 736/4/746
f 748/1/737 734/2/747 725/3/748 728/4/738
f 749/1/749 752/2/750 753/3/751 750/4/752
f 764/1/753 765/2/754 734/3/747 748/4/737
f 736/1/746 735/2/745 752/3/750 749/4/755
f 727/1/742 726/2/741 731/3/744 737/4/743
f 786/1/831 783/2/818 784/3/821 785/4/811
f 777/1/809 791/2/822 782/3/832 773/4/803
f 793/1/813 799/2/824 800/3/827 794/4/806
f 860/1/891 859/2/895 866/3/899 862/4/97
f 884/1/892 886/2/907 880/3/894 870/4/892
f 875/1/691 883/2/910 890/3/899 891/4/97
f 896/1/919 895/2/913 898/3/920 899/4/921
f 913/1/922 911/2/923 902/3/924 903/4/925
f 946/1/946 951/2/1003 924/3/966 927/4/947
f 947/1/993 958/2/974 932/3/976 935/4/1004
f 967/1/997 962/2/977 939/3/963 968/4/1005
f 976/1/1024 982/2/1031 983/3/1032 972/4/1018
f 998/1/1033 995/2/1034 996/3/1035 997/4/1036
f 1010/1/1017 1007/2/1017 1008/3/1037 1009/4/1020
f 1040/1/1061 1039/2/1053 1027/3/1053 1030/4/1061
f 1049/1/1082 1051/2/1083 1044/3/1053 1050/4/1061
f 1062/1/1088 1070/2/1094 1071/3/1095 1063/4/1089
usemtl Texture_41
f 18/1/28 16/2/13 4/3/15 17/4/29
f 26/1/30 7/2/8 9/3/9 12/4/21
f 41/1/47 40/2/46 43/3/52 44/4/53
f 72/1/51 69/2/50 71/3/54 73/4/55
f 84/1/108 86/2/103 87/3/109 88/4/101
f 103/1/77 106/2/107 93/3/110 104/4/78
f 137/1/137 134/2/138 135/3/139 136/4/133
f 164/1/140 161/2/141 160/3/142 153/4/143
f 172/1/144 170/2/145 169/3/146 174/4/147
f 212/1/214 202/2/220 201/3/191 213/4/191
f 188/1/196 194/2/196 209/3/197 197/4/197
f 246/1/223 225/2/235 224/3/238 235/4/224
f 263/1/288 258/2/264 255/3/263 272/4/280
f 275/1/267 251/2/257 250/3/260 278/4/270
f 304/1/294 301/2/304 302/3/306 303/4/306
f 286/1/292 294/2/297 293/3/309 314/4/313
f 401/1/434 399/2/421 398/3/435 400/4/436
f 414/1/437 419/2/431 408/3/433 413/4/438
f 456/1/479 454/2/488 466/3/491 469/4/501
f 437/1/508 446/2/494 441/3/481 451/4/476
f 432/1/460 443/2/460 468/3/471 433/4/471
f 496/1/540 495/2/518 482/3/511 483/4/545
f 506/1/541 505/2/426 500/3/519 487/4/531
f 521/4/553 519/2/554 520/3/555
f 522/1/556 531/2/557 530/3/558 523/4/559
f 555/1/560 553/2/155 552/3/155 554/4/560
f 640/2/672 641/3/673 642/4/674 643/1/675
f 672/1/676 664/2/677 663/3/678 671/4/679
f 717/1/697 716/2/709 721/3/574 718/4/568
f 774/1/804 781/2/817 783/3/818 786/4/835
f 804/1/807 803/2/829 791/3/822 777/4/809
f 861/1/892 858/2/894 859/3/895 860/4/896
f 867/1/679 865/2/897 883/3/898 875/4/679
f 897/1/911 894/2/912 895/3/913 896/4/914
f 917/1/915 906/2/916 908/3/917 918/4/918
f 934/1/955 933/2/954 951/3/969 946/4/946
f 971/1/959 938/2/958 958/3/974 947/4/993
f 1006/1/1059 1004/2/1060 1003/3/1053 1005/4/1061
f 1021/1/1044 987/2/1043 982/3/1031 976/4/1024
f 973/1/1026 984/2/1026 1007/3/1026 1010/4/1062
f 1054/1/1075 1043/2/1074 1052/3/1086 1053/4/1087
f 1029/1/1075 1028/2/1074 1051/3/1076 1049/4/1082
f 1075/1/1096 1072/2/1097 1073/3/1098 1074/4/1099
usemtl Texture_42
f 11/1/31 10/2/16 16/3/13 18/4/28
f 23/1/25 8/2/5 7/3/8 26/4/30
f 42/1/44 39/2/45 40/3/46 41/4/47
f 60/1/48 59/2/49 69/3/50 72/4/51
f 83/1/99 85/2/102 86/3/103 84/4/104
f 97/1/105 107/2/106 106/3/107 103/4/77
f 123/1/94 120/2/94 121/3/95 122/4/95
f 154/1/155 163/2/155 134/3/148 137/4/132
f 178/1/178 180/2/165 161/3/141 164/4/140
f 146/1/177 144/2/168 170/3/145 172/4/144
f 187/1/194 192/2/201 194/3/195 188/4/195
f 211/1/212 207/2/187 206/3/188 210/4/213
f 197/1/210 209/2/210 202/3/211 212/4/214
f 232/1/246 229/2/231 230/3/57 231/4/57
f 218/1/229 217/2/228 225/3/235 246/4/223
f 264/1/272 259/2/263 258/3/264 263/4/273
f 271/1/274 253/2/190 251/3/257 275/4/267
f 313/1/293 312/2/314 301/3/304 304/4/294
f 285/1/315 300/2/302 294/3/297 286/4/292
f 403/1/97 402/2/439 399/3/421 401/4/434
f 410/1/419 417/2/428 419/3/431 414/4/437
f 457/1/469 455/2/469 454/3/488 456/4/479
f 436/1/478 447/2/483 446/3/507 437/4/475
f 449/1/459 440/2/459 443/3/460 432/4/460
f 488/1/532 494/2/515 495/3/518 496/4/540
f 507/1/535 504/2/524 505/3/426 506/4/541
f 527/1/546 526/2/554 519/3/554 521/4/553
f 536/1/560 545/2/155 531/3/557 522/4/562
f 562/1/568 549/2/569 548/3/569 563/4/568
f 565/1/560 564/2/155 553/3/155 555/4/560
f 651/1/97 650/2/682 640/3/672 643/4/675
f 670/1/676 666/2/688 664/3/677 672/4/676
f 683/1/703 685/2/706 686/3/707 684/4/704
f 713/1/705 703/2/708 716/3/709 717/4/697
f 773/1/833 782/2/832 781/3/817 774/4/804
f 794/1/834 800/2/827 803/3/829 804/4/807
f 862/1/97 866/2/899 865/3/902 867/4/691
f 870/1/892 880/2/894 858/3/894 861/4/892
f 903/1/925 902/2/924 894/3/912 897/4/911
f 899/1/921 898/2/920 906/3/916 917/4/915
f 927/1/947 924/2/949 925/3/950 926/4/951
f 935/1/952 932/2/953 933/3/954 934/4/955
f 968/1/956 939/2/957 938/3/958 971/4/959
f 972/1/1025 983/2/1032 984/3/1017 973/4/1017
f 1009/1/1020 1008/2/1038 1004/3/1039 1006/4/1040
f 997/1/1041 996/2/1042 987/3/1043 1021/4/1044
f 1030/1/1061 1027/2/1053 1028/3/1074 1029/4/1075
f 1050/1/1061 1044/2/1053 1043/3/1074 1054/4/1075
f 1063/1/1089 1071/2/1106 1072/3/1097 1075/4/1109
usemtl Texture_60
f 20/1/32 11/2/22 18/3/28 19/4/33
f 24/1/25 23/2/25 26/3/30 27/4/34
f 45/1/44 42/2/44 41/3/47 46/4/57
f 61/1/58 60/2/48 72/3/51 63/4/59
f 75/1/82 80/2/92 81/3/93 78/4/88
f 118/1/94 117/2/94 126/3/95 124/4/95
f 149/1/168 146/2/177 172/3/144 173/4/145
f 179/1/166 178/2/178 164/3/140 165/4/167
f 198/1/219 212/2/221 213/3/191 214/4/191
f 268/1/278 264/2/272 263/3/273 267/4/279
f 265/1/276 271/2/274 275/3/267 262/4/267
f 288/1/290 285/2/291 286/3/292 287/4/155
f 296/1/155 313/2/293 304/3/294 306/4/294
f 489/1/533 488/2/532 496/3/540 491/4/97
f 509/1/536 507/2/549 506/3/541 516/4/551
f 675/1/694 679/2/698 680/3/699 676/4/695
f 776/1/801 773/2/803 774/3/804 775/4/805
f 795/1/797 794/2/806 804/3/807 805/4/808
f 871/1/892 870/2/892 861/3/892 868/4/892
f 855/1/97 862/2/97 867/3/691 873/4/691
f 914/1/941 903/2/925 897/3/911 912/4/938
f 1034/1/513 1030/2/1061 1029/3/1075 1037/4/1079
f 1046/1/513 1050/2/1061 1054/3/1075 1055/4/1079
usemtl Texture_43
f 21/1/35 12/2/21 11/3/22 20/4/32
f 25/1/23 22/2/23 23/3/25 24/4/25
f 54/1/72 56/2/72 42/3/73 45/4/73
f 49/1/60 44/2/53 60/3/48 61/4/58
f 74/1/81 82/2/96 80/3/92 75/4/82
f 119/1/97 116/2/97 117/3/94 118/4/94
f 148/1/151 147/2/176 146/3/177 149/4/154
f 176/1/146 174/2/147 178/3/178 179/4/165
f 198/2/219 197/4/210 212/1/214
f 183/1/207 211/2/212 210/3/213 184/4/188
f 242/1/252 236/2/251 240/3/57 241/4/57
f 273/1/283 272/2/280 271/3/274 265/4/276
f 280/1/284 279/2/281 264/3/272 268/4/278
f 316/1/316 315/2/316 285/3/291 288/4/290
f 295/1/155 314/2/313 313/3/293 296/4/155
f 486/1/526 483/2/527 484/3/528 485/4/529
f 490/1/530 487/2/531 488/3/532 489/4/533
f 508/2/534 507/3/535 509/4/536 510/1/537
f 778/1/800 777/2/809 773/3/803 776/4/801
f 770/1/793 786/2/810 785/3/811 771/4/812
f 796/1/796 793/2/813 794/3/806 795/4/797
f 854/1/891 860/2/891 862/3/97 855/4/97
f 885/1/892 884/2/892 870/3/892 871/4/892
f 876/1/691 875/2/691 891/3/97 892/4/97
f 915/1/940 913/2/922 903/3/925 914/4/941
f 1033/1/513 1040/2/1061 1030/3/1061 1034/4/513
f 1045/1/1079 1049/2/1084 1050/3/1061 1046/4/513
usemtl Texture_58
f 27/1/34 26/2/30 12/3/21 21/4/35
f 46/1/57 41/2/47 44/3/53 49/4/60
f 63/1/59 72/2/51 73/3/71 65/4/57
f 94/1/90 101/2/127 82/3/96 74/4/81
f 110/1/119 99/2/122 98/3/129 111/4/120
f 78/1/130 81/2/93 116/3/97 119/4/97
f 173/1/160 172/2/144 174/3/147 176/4/146
f 165/1/141 164/2/140 153/3/184 155/4/159
f 156/1/179 155/2/163 162/3/155 157/4/155
f 214/1/191 213/2/191 211/3/212 183/4/207
f 243/1/253 237/2/250 236/3/251 242/4/252
f 267/1/279 263/2/273 272/3/280 273/4/283
f 262/1/267 275/2/267 278/3/270 260/4/268
f 306/1/294 304/2/294 303/3/306 305/4/306
f 287/1/155 286/2/292 314/3/313 295/4/155
f 392/1/414 401/2/434 400/3/436 393/4/415
f 491/1/97 496/2/540 483/3/545 486/4/526
f 516/1/551 506/2/541 487/3/531 490/4/530
f 690/4/719 689/3/718 711/2/734 712/1/734
f 775/1/805 774/2/804 786/3/810 770/4/793
f 805/1/808 804/2/807 777/3/809 778/4/800
f 873/1/679 867/2/679 875/3/679 876/4/679
f 868/1/892 861/2/892 860/3/896 854/4/896
f 912/1/938 897/2/939 896/3/919 901/4/926
f 931/1/960 928/2/948 929/3/961 930/4/962
f 991/1/1056 990/2/1016 977/3/1057 992/4/1057
f 1037/1/1079 1029/2/1075 1049/3/1082 1045/4/1079
f 1055/1/1079 1054/2/1075 1053/3/1087 1056/4/1085
usemtl Texture_51
f 29/4/36 19/2/33 28/3/37
f 166/4/181 165/3/141 155/2/142 156/1/179
f 189/4/193 187/3/194 188/1/195
f 188/1/196 197/2/197 198/3/198 189/4/193
f 227/1/244 226/2/243 228/4/245
f 262/1/267 260/2/268 261/4/269
f 278/2/270 277/4/271 260/1/268
f 319/1/316 316/2/316 288/3/290 290/4/295
f 478/4/461 435/3/460 434/2/471 474/1/510
f 493/1/538 492/2/542 501/3/543 502/4/544
f 751/2/737 743/1/739 754/4/770 755/3/784
f 901/1/926 896/2/914 899/3/921 900/4/927
f 954/4/1000 948/3/995 952/2/1001 953/1/1002
f 994/4/1017 993/3/1058 975/2/1017 974/1/1017
usemtl Texture_55
f 19/1/33 18/2/28 17/3/29 28/4/37
f 98/1/124 97/2/105 103/3/77 100/4/76
f 137/3/132 130/1/185 162/4/155
f 226/1/243 218/2/229 246/3/223 233/4/222
f 404/4/97 403/3/97 401/2/434 392/1/414
f 493/4/538 489/3/533 491/2/97 492/1/539
f 689/2/718 690/1/719 691/4/720 679/3/698
f 710/4/721 707/3/581 708/2/581 709/1/581
f 763/1/753 764/2/753 748/3/737 751/4/737
f 952/1/1001 934/2/1007 946/3/946 944/4/1008
f 992/1/1023 977/2/1023 975/3/1026 993/4/1058
f 978/1/1029 998/2/1033 997/3/1036 979/4/1013
usemtl Texture_57
f 30/1/38 20/2/32 19/3/33 29/4/36
f 33/1/25 24/2/25 27/3/34 32/4/39
f 48/1/56 45/2/44 46/3/57 47/4/57
f 62/1/57 61/2/58 63/3/59 64/4/57
f 77/1/80 74/2/81 75/3/82 76/4/83
f 112/1/84 111/2/85 102/3/86 114/4/87
f 150/1/173 149/2/168 173/3/145 175/4/182
f 181/1/175 179/2/165 165/3/141 166/4/181
f 266/1/275 265/2/276 262/3/267 261/4/269
f 270/1/277 268/2/278 267/3/279 269/4/279
f 298/1/155 295/2/155 296/3/155 297/4/155
f 411/1/420 410/2/419 414/3/437 415/4/446
f 427/1/450 424/2/451 425/3/452 426/4/453
f 462/1/454 458/2/455 460/3/456 461/4/457
f 475/1/458 450/2/459 435/3/460 478/4/461
f 511/1/97 509/2/536 516/3/551 518/4/97
f 538/1/583 524/2/563 532/3/577 535/4/584
f 560/1/155 537/2/564 525/3/580 542/4/579
f 572/1/155 569/2/564 557/3/564 559/4/155
f 658/1/676 655/2/676 656/3/676 657/4/676
f 668/1/691 667/2/691 644/3/97 647/4/97
f 768/1/782 766/2/781 738/3/767 741/4/766
f 790/1/802 776/2/801 775/3/805 789/4/836
f 797/1/798 795/2/797 805/3/808 807/4/838
f 872/1/892 871/2/892 868/3/892 869/4/892
f 856/1/97 855/2/97 873/3/691 874/4/691
f 916/1/942 914/2/944 912/3/938 921/4/943
f 960/1/991 949/2/990 948/3/995 959/4/1006
f 1014/1/1063 1012/2/1017 1011/3/1027 1013/4/155
f 1025/1/1064 980/2/1030 991/3/1056 1024/4/1065
f 1035/1/513 1034/2/513 1037/3/1079 1038/4/1080
f 1047/1/513 1046/2/513 1055/3/1079 1058/4/1081
f 1068/1/1091 1064/2/1090 1066/3/1092 1067/4/1093
usemtl Texture_56
f 31/1/40 21/2/35 20/3/32 30/4/41
f 34/1/23 25/2/23 24/3/25 33/4/25
f 55/1/72 54/2/72 45/3/73 48/4/56
f 50/1/57 49/2/60 61/3/58 62/4/57
f 95/1/91 94/2/90 74/3/81 77/4/80
f 113/1/87 110/2/119 111/3/120 112/4/84
f 79/1/89 119/2/97 118/3/94 125/4/121
f 141/1/170 133/2/135 132/3/136 140/4/171
f 151/1/172 148/2/151 149/3/168 150/4/173
f 177/1/174 176/2/146 179/3/165 181/4/175
f 186/1/186 183/2/187 184/3/188 185/4/189
f 215/1/190 214/2/191 183/3/192 186/4/186
f 245/1/236 234/2/249 243/3/256 247/4/254
f 274/1/285 273/2/283 265/3/276 266/4/275
f 283/1/286 280/2/286 268/3/278 270/4/287
f 308/1/296 306/2/294 305/3/306 307/4/306
f 289/1/155 287/2/155 295/3/155 298/4/155
f 395/1/413 392/2/414 393/3/415 394/4/416
f 395/4/417 404/2/97 392/3/418
f 412/1/97 409/2/97 410/3/419 411/4/420
f 431/1/467 430/2/468 424/3/451 427/4/450
f 473/1/469 459/2/469 458/3/455 462/4/454
f 429/1/464 428/2/463 450/3/459 475/4/470
f 512/1/97 510/2/537 509/3/536 511/4/97
f 558/1/155 556/2/564 537/3/564 560/4/155
f 534/4/587 533/2/566 561/3/155
f 541/1/588 524/2/589 538/4/583
f 573/1/155 571/2/564 569/3/564 572/4/155
f 646/1/97 645/2/97 652/3/97 654/4/97
f 660/1/676 659/2/676 667/3/679 668/4/679
f 715/1/735 709/2/588 705/3/155 706/4/155
f 715/4/735 710/2/721 709/3/736
f 740/1/769 739/2/777 746/3/778 747/4/779
f 769/1/773 742/2/780 766/3/781 768/4/782
f 772/1/792 770/3/793 771/2/794
f 798/1/795 796/2/796 795/3/797 797/4/798
f 806/1/799 778/2/800 776/3/801 790/4/802
f 857/1/890 854/2/891 855/3/97 856/4/97
f 888/1/892 885/2/892 871/3/892 872/4/892
f 877/1/691 876/2/893 892/3/97 893/4/97
f 916/1/942 915/5/940 914/2/941
f 920/1/927 917/2/915 918/6/918 919/4/927
f 941/1/982 931/2/960 930/7/962 940/4/983
f 963/1/984 945/2/945 931/6/960 941/4/985
f 963/4/984 953/2/986 945/8/987
f 970/1/988 969/2/989 949/5/990 960/4/991
f 1019/1/1072 1016/2/1022 1015/9/513 1022/4/513
f 1023/1/1071 992/2/1023 993/4/1058
f 1026/1/1073 981/2/1028 980/10/1030 1025/4/1064
f 1036/1/513 1033/2/513 1034/7/513 1035/4/513
f 1048/1/1078 1045/2/1079 1046/3/513 1047/4/513
f 1069/1/1085 1065/2/1085 1064/3/1090 1068/4/1091
usemtl Texture_54
f 32/1/39 27/2/34 21/3/35 31/4/40
f 47/1/57 46/2/57 49/3/60 50/4/57
f 64/1/57 63/2/59 65/3/57 66/4/57
f 76/1/83 75/2/82 78/3/88 79/4/89
f 114/1/87 102/2/86 94/3/90 95/4/91
f 175/1/182 173/2/145 176/3/146 177/4/183
f 203/1/218 198/2/219 214/3/191 215/4/190
f 269/1/289 267/2/289 273/3/283 274/4/285
f 290/1/295 288/2/290 287/3/155 289/4/155
f 297/1/155 296/2/155 306/3/294 308/4/296
f 415/1/446 414/2/437 413/3/447 418/4/448
f 426/1/453 425/2/462 428/3/463 429/4/464
f 461/1/457 460/2/456 463/3/465 464/4/466
f 518/1/97 516/2/551 490/3/530 503/4/550
f 535/1/576 532/2/577 533/3/566 534/4/578
f 542/1/579 525/2/580 524/3/563 541/4/581
f 559/1/155 557/2/564 556/3/564 558/4/155
f 647/1/97 644/2/97 645/3/97 646/4/97
f 657/1/676 656/2/676 659/3/676 660/4/676
f 741/1/766 738/2/767 739/3/768 740/4/769
f 754/1/770 743/2/771 742/3/772 769/4/773
f 789/1/836 775/2/805 770/3/793 772/4/837
f 807/1/838 805/2/808 778/3/800 806/4/839
f 869/1/892 868/2/892 854/3/896 857/4/890
f 874/1/679 873/2/679 876/3/679 877/4/679
f 921/1/943 912/2/938 901/4/926
f 900/1/927 899/2/921 917/3/915 920/4/927
f 966/1/1011 964/2/996 965/4/999
f 966/1/1012 965/2/999 969/3/989 970/4/988
f 1020/1/1066 1011/2/1019 1016/3/1067 1019/4/1068
f 994/1/1026 974/2/1026 1012/3/1026 1014/4/1069
f 1024/1/1070 991/2/1056 992/3/1057 1023/4/1071
f 1038/1/1080 1037/2/1079 1045/3/1079 1048/4/1078
f 1058/1/1081 1055/2/1079 1056/3/1085 1057/4/1085
f 1067/1/1100 1066/2/1092 1076/3/1101 1077/4/1102
usemtl Texture_53
f 28/4/37 17/3/42 37/2/27 38/1/43
f 118/2/94 124/4/95 125/1/121
f 79/1/89 78/2/130 119/4/97
f 141/1/170 156/2/179 157/4/155
f 141/2/170 157/4/155 133/1/180
f 245/1/236 228/3/245 234/2/249
f 247/1/254 243/2/253 242/4/255
f 418/1/449 413/2/438 403/3/97 404/4/97
f 474/4/509 434/3/492 459/2/469 473/1/469
f 503/1/550 490/2/530 489/3/533 493/4/538
f 706/1/155 705/2/155 679/3/700 691/4/733
f 724/1/155 723/2/155 707/3/588 710/4/721
usemtl gpaque
f 100/1/76 103/2/77 104/3/78 101/4/79
f 130/1/131 137/2/132 136/3/133 131/4/134
f 233/1/222 246/2/223 235/3/224 237/4/225
f 751/1/737 748/2/737 728/3/738 743/4/739
f 944/1/945 946/2/946 927/3/947 928/4/948
f 979/1/1013 997/2/1014 1021/3/1015 990/4/1016
usemtl Texture_59
f 82/1/98 83/2/99 84/3/100 80/4/92
f 116/1/97 88/2/101 123/3/94 117/4/94
f 236/1/251 232/2/246 231/3/57 240/4/57
f 556/1/564 554/2/565 536/3/565 537/4/564
f 524/1/563 523/2/559 527/3/528 532/4/582
f 533/1/566 562/2/567 563/3/567 561/4/155
f 571/1/564 567/2/565 565/3/565 569/4/564
f 655/1/676 669/2/676 670/3/676 656/4/676
f 667/1/691 671/2/691 651/3/97 644/4/97
f 705/1/155 719/2/155 681/3/701 679/4/700
f 977/1/1023 976/2/1024 972/3/1025 975/4/1026
f 1012/1/1017 1010/2/1017 1009/3/1020 1011/4/1027
usemtl Texture_64
f 99/1/122 96/2/123 97/3/105 98/4/124
f 101/1/79 104/2/125 83/3/99 82/4/98
f 116/4/97 81/2/126 88/3/101
f 153/2/143 154/4/155 155/1/163
f 155/1/163 154/2/155 137/3/132 162/4/155
f 237/1/250 235/2/224 232/3/232 236/4/251
f 525/1/561 522/2/562 523/3/559 524/4/563
f 557/1/564 555/2/565 554/3/565 556/4/564
f 533/4/566 521/2/553 562/3/567
f 645/1/97 643/2/675 642/3/674 652/4/97
f 659/1/676 672/2/676 671/3/679 667/4/679
f 709/1/588 708/2/588 719/3/155 705/4/155
f 743/1/771 728/2/738 727/3/742 742/4/774
f 928/1/948 927/2/980 926/3/981 929/4/961
f 1016/1/1022 1006/2/1059 1005/3/1061 1015/4/513
f 990/1/1016 1021/2/1044 976/3/1024 977/4/1057
f 974/1/1026 973/2/1026 1010/3/1026 1012/4/1026
usemtl Texture_52
f 102/1/86 100/2/76 101/3/127 94/4/90
f 133/1/135 130/2/131 131/3/134 132/4/136
f 234/1/249 233/2/248 237/3/250 243/4/256
f 945/1/945 944/2/992 928/3/948 931/4/960
f 980/1/1030 979/2/1013 990/3/1016 991/4/1056
usemtl Texture_50
f 111/1/85 98/2/128 100/3/76 102/4/86
f 157/1/155 162/2/155 130/3/131 133/4/180
f 228/1/247 226/2/243 233/3/248 234/4/249
f 762/1/788 763/2/753 751/3/737 755/4/784
f 953/1/1002 952/2/1001 944/3/987 945/4/1008
f 981/1/1028 978/2/1029 979/3/1013 980/4/1030
usemtl Texture_44
f 80/1/92 84/2/100 88/3/101 81/4/93
f 117/1/94 123/2/94 122/3/95 126/4/95
f 227/1/242 219/2/226 218/3/229 226/4/243
f 537/1/564 536/2/565 522/3/562 525/4/561
f 532/1/582 527/2/528 521/3/553 533/4/566
f 569/1/564 565/2/565 555/3/565 557/4/564
f 644/1/97 651/2/97 643/3/675 645/4/97
f 656/1/676 670/2/676 672/3/676 659/4/676
f 679/1/700 681/2/701 682/3/702 680/4/699
f 975/1/1017 972/2/1018 973/3/1017 974/4/1017
f 1011/1/1019 1009/2/1020 1006/3/1021 1016/4/1022
usemtl Texture_20
f 189/1/193 198/2/198 203/4/218
f 959/1/1006 948/2/995 954/4/1000
f 1086/1/1114 1085/2/1115 1081/3/1111 1084/4/1110
f 1087/4/1116 1089/2/1117 1092/3/1118
f 1104/4/1112 1102/2/1112 1103/3/1131
f 1114/1/1132 1113/2/1133 1110/4/1134
f 1117/4/1135 1115/2/1136 1116/3/1137
f 1106/4/1138 1105/2/1139 1108/3/1140
f 1124/1/1141 1130/2/1142 1134/3/1143 1122/4/1144
f 1127/1/1124 1136/2/1124 1131/3/1145 1126/4/1146
f 1138/1/1112 1137/2/1112 1121/3/1147 1128/4/1143
f 1142/1/1112 1141/2/1148 1112/3/1149 1139/4/1150
f 1148/1/1119 1146/2/1151 1145/3/1152 1118/4/1153
f 1119/1/1154 1115/2/1155 1117/3/1135 1147/4/1147
f 1156/1/1112 1154/2/1112 1152/3/1112 1155/4/1112
f 1174/1/1183 1166/2/1183 1164/3/1200 1172/4/1184
f 1165/1/1112 1181/2/1112 1160/3/1179 1161/4/1190
f 1182/2/1204 1185/4/1202 1175/1/1182
f 1169/1/1112 1180/2/1112 1179/3/1112 1167/4/1112
f 1190/1/1205 1187/2/1206 1188/3/1207 1189/4/1208
f 1200/1/1209 1197/2/1210 1198/3/1211 1199/4/1212
f 1212/1/1213 1211/2/1214 1220/3/1215 1221/4/1216
f 1192/1/1112 1191/2/1112 1210/3/1112 1213/4/1112
f 1216/1/1217 1196/2/1218 1195/3/1219 1214/4/1220
f 1240/2/1248 1231/4/1244 1234/1/1243
f 1245/4/1251 1243/2/1252 1244/3/1253
usemtl Texture_46
f 320/2/317 321/3/318 322/4/319 323/1/320
f 331/3/321 327/4/322 326/1/323 330/2/324
f 330/3/324 326/4/325 332/1/326 334/2/327
f 335/1/328 337/2/329 334/3/327 332/4/326
f 338/1/330 340/2/331 337/3/329 335/4/332
f 341/1/333 343/2/334 340/3/331 338/4/330
f 344/1/335 346/2/336 343/3/337 341/4/333
f 322/1/338 321/2/318 346/3/336 344/4/335
f 347/1/373 351/2/374 352/3/375 348/4/355
f 348/1/376 352/2/375 355/3/377 353/4/378
f 356/1/379 360/2/380 361/3/381 357/4/359
f 362/1/382 366/2/383 367/3/384 363/4/370
f 368/1/371 372/2/385 373/3/386 369/4/387
f 369/1/388 373/2/386 376/3/389 374/4/364
f 374/1/390 376/2/389 379/3/391 377/4/392
f 380/1/393 384/2/394 385/3/394 381/4/366
f 381/1/366 385/2/394 388/3/395 386/4/396
f 386/1/396 388/2/395 391/3/397 389/4/398
f 353/1/378 355/2/377 360/3/399 356/4/358
f 377/1/361 379/2/391 384/3/394 380/4/393
f 366/3/383 362/4/382 357/1/359 361/2/381
f 363/1/370 367/2/384 372/3/400 368/4/401
f 574/2/590 575/3/591 576/4/592 577/1/593
f 580/1/594 584/2/595 585/3/596 581/4/597
f 588/2/598 584/3/595 580/4/594 586/1/599
f 589/1/600 591/2/601 588/3/598 586/4/599
f 592/1/602 594/2/603 591/3/604 589/4/605
f 595/1/606 597/2/607 594/3/608 592/4/609
f 598/1/610 600/2/611 597/3/612 595/4/613
f 576/1/614 575/2/615 600/3/611 598/4/616
f 601/1/630 605/2/637 606/3/638 602/4/639
f 602/1/631 606/2/638 609/3/640 607/4/641
f 607/1/641 609/2/640 612/3/642 610/4/643
f 613/1/644 615/2/645 605/3/637 601/4/630
f 617/1/635 616/2/646 615/3/645 613/4/644
f 619/1/634 621/2/637 616/3/646 617/4/635
f 625/1/651 622/2/652 623/3/653 624/4/654
f 629/1/655 628/2/656 622/3/652 625/4/651
f 624/1/654 623/2/653 631/3/657 632/4/658
f 634/1/659 638/2/660 639/3/661 635/4/662
f 635/1/662 639/2/661 628/3/656 629/4/655
f 812/1/840 809/2/841 810/3/57 811/4/842
f 811/1/842 810/2/57 815/3/843 816/4/844
f 818/3/845 819/4/846 816/1/847 815/2/843
f 819/1/848 818/2/849 821/3/850 822/4/851
f 827/1/859 824/2/860 825/3/861 826/4/862
f 824/3/860 827/4/859 831/1/863 830/2/864
f 826/1/862 825/2/861 835/3/861 833/4/865
f 836/1/866 840/2/57 841/3/867 837/4/868
f 837/1/868 841/2/869 844/3/870 842/4/871
f 833/1/865 835/2/861 840/3/57 836/4/866
f 845/2/881 846/3/882 847/4/883 848/1/884
f 851/2/885 845/3/881 848/4/884 852/1/886
usemtl Texture_47
f 325/1/339 323/2/320 322/3/319 324/4/340
f 333/1/341 332/2/326 326/3/323 329/4/342
f 342/1/343 341/2/333 338/3/330 339/4/344
f 350/1/353 347/2/354 348/3/355 349/4/356
f 359/1/357 356/2/358 357/3/359 358/4/360
f 377/3/361 378/4/362 375/1/363 374/2/364
f 382/1/365 381/2/366 386/3/367 387/4/368
f 364/1/369 363/2/370 368/3/371 371/4/372
f 579/1/617 577/2/618 576/3/592 578/4/619
f 580/3/594 583/4/620 587/1/621 586/2/599
f 596/1/622 595/2/606 592/3/609 593/4/623
f 604/1/629 601/2/630 602/3/631 603/4/632
f 620/1/633 619/2/634 617/3/635 618/4/636
f 627/1/663 625/2/651 624/3/654 626/4/664
f 637/1/665 634/2/666 635/3/667 636/4/668
f 814/1/852 812/2/840 811/3/842 813/4/853
f 820/1/854 819/2/855 822/3/851 823/4/856
f 832/1/877 831/2/863 827/3/873 829/4/872
f 834/1/878 833/2/865 836/3/866 839/4/875
f 850/4/888 853/1/889 852/2/886 848/3/884
usemtl Texture_48
f 327/3/322 328/4/345 329/1/346 326/2/323
f 339/1/344 338/2/347 335/3/332 336/4/348
f 344/3/335 345/4/349 324/1/350 322/2/319
f 349/1/356 348/2/376 353/3/378 354/4/402
f 371/1/372 368/2/401 369/3/387 370/4/403
f 387/1/404 386/2/396 389/3/405 390/4/406
f 378/1/407 377/2/361 380/3/393 383/4/408
f 358/1/409 357/2/359 362/3/382 365/4/410
f 583/1/620 580/2/594 581/3/597 582/4/624
f 589/3/600 590/4/625 593/1/623 592/2/609
f 578/1/619 576/2/592 598/3/616 599/4/626
f 603/1/632 602/2/639 607/3/641 608/4/647
f 618/1/648 617/2/635 613/3/644 614/4/649
f 626/1/664 624/2/654 632/3/658 633/4/671
f 629/3/655 630/4/669 636/1/668 635/2/662
f 813/1/853 811/2/842 816/3/857 817/4/858
f 829/1/872 827/2/873 826/3/862 828/4/874
f 839/1/875 836/2/866 837/3/868 838/4/876
f 847/3/883 849/4/887 850/1/888 848/2/884
usemtl Texture_49
f 336/1/351 335/2/332 332/3/326 333/4/341
f 345/1/349 344/2/335 341/3/333 342/4/352
f 365/1/411 362/2/382 363/3/412 364/4/369
f 370/1/403 369/2/387 374/3/390 375/4/363
f 383/1/408 380/2/393 381/3/366 382/4/365
f 354/1/402 353/2/378 356/3/358 359/4/357
f 586/3/599 587/4/627 590/1/625 589/2/600
f 599/1/626 598/2/610 595/3/606 596/4/628
f 608/1/647 607/2/641 610/3/643 611/4/650
f 601/3/630 604/4/629 614/1/649 613/2/644
f 625/3/651 627/4/663 630/1/669 629/2/670
f 817/1/858 816/2/844 819/3/855 820/4/854
f 828/1/874 826/2/879 833/3/865 834/4/878
f 838/1/876 837/2/868 842/3/871 843/4/880
usemtl Texture_45
f 402/1/440 405/2/441 406/3/442 399/4/421
f 408/1/433 407/2/443 405/3/441 402/4/440
f 399/4/421 406/2/442 396/3/422
f 408/1/444 423/2/432 407/4/445
f 685/1/706 687/2/710 688/3/711 686/4/712
f 703/1/713 702/2/714 720/3/715 716/4/716
f 716/1/716 720/2/717 722/3/575 721/4/574
f 721/1/574 722/2/575 687/3/710 685/4/706
f 734/1/747 732/2/764 733/3/761 725/4/748
f 765/1/754 744/2/765 732/3/764 734/4/747
usemtl Texture_62
f 435/1/460 432/2/460 433/3/471 434/4/471
f 458/1/472 456/2/473 469/3/474 460/4/456
f 425/1/462 437/2/475 451/3/476 428/4/463
f 486/1/526 492/2/539 491/4/97
f 678/1/693 675/2/694 676/3/695 677/4/696
f 708/1/588 717/2/697 718/3/567 719/4/155
f 738/1/767 736/2/746 749/3/791 739/4/768
f 969/1/1010 971/2/959 947/3/993 949/4/990
f 1066/1/1092 1075/2/1109 1074/3/1099 1076/4/1101
usemtl Texture_63
f 424/1/477 436/2/478 437/3/475 425/4/452
f 450/1/459 449/2/459 432/3/460 435/4/460
f 459/1/469 457/2/469 456/3/479 458/4/480
f 681/1/701 683/2/703 684/3/704 682/4/702
f 707/1/581 713/2/705 717/3/697 708/4/581
f 766/1/781 737/2/743 736/3/746 738/4/767
f 948/1/995 935/2/1009 934/3/955 952/4/1001
f 965/1/999 968/2/956 971/3/959 969/4/1010
f 1064/1/1090 1063/2/1089 1075/3/1096 1066/4/1092
usemtl Texture_61
f 430/1/468 448/2/499 436/3/478 424/4/451
f 428/1/463 451/2/500 449/3/459 450/4/459
f 460/1/456 469/2/501 470/3/502 463/4/465
f 434/1/492 433/2/492 457/3/469 459/4/469
f 492/1/552 486/2/526 485/3/529 501/4/543
f 719/1/155 718/2/567 683/3/703 681/4/701
f 723/1/155 714/2/567 713/3/705 707/4/588
f 739/1/777 749/2/783 750/3/752 746/4/778
f 742/1/774 727/2/742 737/3/743 766/4/781
f 949/1/990 947/2/993 935/3/994 948/4/995
f 964/1/996 967/2/997 968/3/998 965/4/999
f 1065/1/1085 1062/2/1088 1063/3/1089 1064/4/1090
usemtl Texture_21
f 503/1/550 493/2/538 502/4/544
f 1096/1/1113 1100/2/1128 1099/4/1123
f 1107/4/1156 1105/2/1157 1106/3/1158
f 1125/1/1159 1124/2/1141 1122/3/1144 1123/4/1160
f 1102/1/1112 1127/2/1124 1126/3/1146 1103/4/1131
f 1146/1/1161 1143/2/1162 1144/3/1163 1145/4/1152
f 1135/1/1112 1142/2/1112 1139/3/1150 1108/4/1164
f 1136/1/1124 1138/2/1112 1128/3/1143 1131/4/1145
f 1110/3/1134 1112/4/1149 1141/1/1148 1114/2/1132
f 1154/1/1112 1153/2/1112 1149/3/1112 1152/4/1112
f 1160/1/1179 1158/2/1180 1159/4/1181
f 1180/1/1112 1177/2/1112 1178/3/1112 1179/4/1112
f 1158/2/1180 1160/4/1179 1181/1/1112
f 1175/1/1182 1174/2/1183 1172/3/1184 1182/4/1185
f 1176/4/1186 1183/2/1187 1173/3/1188
f 1216/1/1236 1214/2/1220 1215/4/1232
f 1203/1/1231 1227/2/1233 1228/3/1233 1201/4/1209
f 1197/1/1210 1229/2/1112 1230/3/1112 1198/4/1211
f 1235/1/1242 1234/2/1243 1231/3/1244 1233/4/1239
f 1261/1/1260 1252/2/1277 1259/3/1275 1260/4/1274
usemtl Texture_3
f 677/1/696 676/2/695 692/3/722 693/4/723
f 676/1/695 680/2/699 694/3/724 692/4/722
f 695/3/725 694/4/724 680/1/726 682/2/702
f 682/1/702 684/2/704 696/3/725 695/4/725
f 684/1/704 686/2/712 697/3/725 696/4/725
f 686/1/712 688/2/727 698/3/728 697/4/725
f 700/3/729 698/4/730 688/1/731 699/2/729
usemtl Texture_37
f 745/1/775 732/2/764 744/3/776
usemtl Texture_38
f 761/4/785 758/3/786 759/2/787 760/1/787
f 762/1/788 755/2/784 758/3/789 761/4/790
usemtl Texture_23
f 1020/1/1066 1013/2/155 1011/4/1027
f 1084/1/1110 1081/2/1111 1082/3/1112 1083/4/1112
f 1096/1/1113 1094/2/1112 1095/4/1112
f 1106/1/1165 1108/2/1166 1109/4/1167
f 1126/1/1146 1131/2/1145 1130/3/1142 1124/4/1141
f 1133/1/1168 1132/2/1169 1141/3/1148 1142/4/1112
f 1115/3/1155 1119/4/1154 1118/1/1153 1145/2/1152
f 1147/1/1147 1117/2/1135 1113/3/1133 1114/4/1132
f 1139/1/1150 1112/2/1149 1111/3/1170 1140/4/1171
f 1155/1/1112 1152/2/1112 1151/3/1112 1157/4/1112
f 1172/1/1184 1164/2/1200 1163/3/1192 1171/4/1201
f 1184/3/1195 1162/4/1191 1161/1/1190 1160/2/1179
f 1167/1/1112 1179/2/1112 1181/3/1112 1165/4/1112
f 1185/1/1202 1176/2/1203 1175/4/1182
f 1189/1/1221 1188/2/1222 1191/3/1112 1192/4/1112
f 1213/1/1112 1210/2/1112 1211/3/1223 1212/4/1213
f 1252/2/1263 1250/1/1259 1251/3/1264
usemtl Texture_22
f 1081/1/1111 1087/2/1116 1088/3/1119 1082/4/1112
f 1093/4/1120 1092/2/1121 1098/3/1122
f 1096/1/1113 1099/2/1123 1101/3/1124 1094/4/1112
f 1110/2/1134 1111/4/1172 1112/1/1149
f 1119/3/1154 1120/4/1173 1121/1/1147 1118/2/1153
f 1123/1/1160 1122/2/1144 1105/3/1157 1107/4/1156
f 1103/1/1131 1126/2/1146 1124/3/1141 1125/4/1159
f 1140/3/1171 1109/4/1174 1108/1/1140 1139/2/1150
f 1116/3/1175 1115/4/1136 1145/1/1152 1144/2/1163
f 1134/1/1143 1133/2/1168 1142/3/1112 1135/4/1112
f 1152/1/1112 1149/2/1112 1150/3/1112 1151/4/1112
f 1164/1/1189 1161/2/1190 1162/3/1191 1163/4/1192
f 1179/1/1112 1178/2/1112 1158/3/1180 1181/4/1112
f 1182/1/1185 1172/2/1184 1171/4/1193
f 1186/3/1194 1184/4/1195 1160/1/1196 1159/2/1181
f 1205/1/1227 1193/2/1226 1196/4/1218
f 1215/1/1232 1214/2/1220 1190/4/1205
f 1201/1/1209 1228/2/1233 1229/3/1112 1197/4/1210
f 1233/1/1239 1231/2/1240 1232/4/1241
f 1260/1/1274 1259/2/1275 1243/3/1252 1257/4/1276
usemtl Texture_19
f 1085/1/1115 1089/2/1125 1087/3/1116 1081/4/1111
f 1132/1/1169 1147/2/1147 1114/3/1132 1141/4/1148
f 1120/1/1173 1119/2/1154 1147/3/1147 1132/4/1169
f 1105/1/1139 1135/2/1112 1108/4/1140
f 1166/1/1183 1165/2/1112 1161/3/1190 1164/4/1197
f 1214/1/1220 1195/2/1219 1187/3/1206 1190/4/1205
f 1211/1/1214 1200/2/1209 1199/3/1212 1220/4/1215
usemtl Texture_18
f 1091/1/1126 1086/2/1114 1084/3/1110 1090/4/1127
f 1128/1/1143 1121/2/1147 1120/3/1173 1129/4/1176
f 1170/1/1199 1169/2/1112 1167/3/1112 1168/4/1198
f 1204/1/1230 1203/2/1231 1201/3/1209 1202/4/1210
f 1238/1/1247 1242/2/1250 1241/3/1249 1236/4/1246
usemtl Texture_17
f 1087/1/1116 1092/2/1121 1093/3/1120 1088/4/1119
f 1122/1/1144 1134/2/1143 1135/3/1112 1105/4/1139
f 1137/1/1112 1148/2/1119 1118/3/1153 1121/4/1147
f 1176/1/1186 1173/2/1188 1174/3/1183 1175/4/1182
f 1204/3/1230 1191/4/1112 1188/1/1222 1206/2/1112
f 1257/1/1268 1243/2/1252 1245/3/1251 1256/4/1245
usemtl Texture_16
f 1090/1/1127 1084/2/1110 1083/3/1112 1097/4/1124
f 1129/1/1176 1120/2/1173 1132/3/1177 1133/4/1178
f 1168/1/1198 1167/2/1112 1165/3/1112 1166/4/1183
f 1202/1/1210 1201/2/1209 1197/3/1210 1200/4/1209
f 1236/1/1246 1241/2/1249 1240/3/1248 1234/4/1243
usemtl Texture_15
f 1100/1/1128 1091/2/1126 1090/3/1127 1099/4/1129
f 1131/1/1145 1128/2/1143 1129/3/1176 1130/4/1142
f 1183/1/1187 1170/2/1199 1168/3/1198 1173/4/1188
f 1191/1/1112 1204/2/1230 1202/3/1210 1210/4/1112
f 1239/1/1245 1238/2/1247 1236/3/1246 1237/4/1245
usemtl Texture_14
f 1099/1/1123 1090/2/1130 1097/3/1124 1101/4/1124
f 1133/3/1168 1134/4/1143 1130/1/1142 1129/2/1176
f 1173/1/1188 1168/2/1198 1166/3/1183 1174/4/1183
f 1210/1/1112 1202/2/1210 1200/3/1209 1211/4/1223
f 1237/1/1245 1236/2/1246 1234/3/1243 1235/4/1242
usemtl Texture_13
f 1196/4/1218 1193/3/1224 1194/2/1225 1195/1/1219
f 1193/3/1226 1205/4/1227 1219/1/1228 1218/2/1229
f 1251/4/1258 1250/3/1259 1246/2/1255 1249/1/1254
f 1261/1/1260 1262/2/1261 1250/3/1262 1252/4/1263
usemtl Texture_12
f 1207/3/1112 1203/4/1231 1204/1/1230 1206/2/1112
f 1187/4/1206 1209/3/1112 1206/2/1112 1188/1/1222
f 1248/4/1257 1247/3/1256 1253/2/1265
f 1255/4/1266 1253/2/1265 1254/3/1267
usemtl Texture_10
f 1209/1/1112 1208/2/1112 1207/3/1112 1206/4/1112
f 1208/1/1112 1209/2/1112 1194/3/1225 1217/4/1234
f 1217/1/1234 1194/2/1225 1193/3/1226 1218/4/1229
f 1224/1/1234 1217/2/1234 1218/3/1229 1223/4/1235
f 1225/1/1112 1208/2/1112 1217/3/1234 1224/4/1234
f 1226/1/1112 1207/2/1112 1208/3/1112 1225/4/1112
f 1258/4/1269 1254/3/1267 1253/2/1265 1247/1/1256
f 1250/1/1262 1262/2/1270 1263/3/1271 1246/4/1255
f 1246/1/1272 1263/2/1273 1258/3/1269 1247/4/1256
usemtl Texture_11
f 1195/4/1219 1194/3/1225 1209/2/1112 1187/1/1206
f 1218/3/1229 1219/4/1228 1222/1/1237 1223/2/1238
f 1226/3/1112 1227/4/1233 1203/1/1231 1207/2/1112
f 1249/4/1254 1246/3/1255 1247/2/1256 1248/1/1257
usemtl Texture_34
f 1267/1/1278 1264/2/1279 1265/3/1280 1266/4/1281
f 1272/1/1282 1271/2/1283 1285/3/1284 1286/4/1285
f 1291/1/1286 1284/2/1287 1283/3/1288 1290/4/1289
f 1293/1/1290 1292/2/1291 1284/3/1292 1291/4/1286
f 1266/1/1281 1265/2/1280 1294/3/1293 1295/4/1294
f 1301/1/1358 1299/2/1315 1298/3/1318 1300/4/1359
f 1307/1/1360 1305/2/1319 1304/3/1322 1306/4/1361
f 1328/1/1362 1326/2/1334 1325/3/1337 1327/4/1363
f 1323/1/1364 1322/2/1333 1336/3/1346 1337/4/1365
f 1306/1/1361 1304/2/1322 1340/3/1351 1341/4/1366
f 1357/1/1423 1354/2/1409 1355/3/1394 1356/4/1393
f 1367/1/1424 1364/2/1406 1365/3/1408 1366/4/1408
f 1381/1/1425 1380/2/1426 1354/3/1409 1357/4/1427
f 1376/1/1428 1375/2/1429 1385/3/513 1386/4/513
f 1390/1/1430 1389/2/1420 1383/3/1398 1387/4/1397
f 1405/1/1467 1402/2/1467 1403/3/1469 1404/4/1477
f 1420/1/1478 1393/2/1455 1418/3/1451 1419/4/1451
f 1425/1/1450 1422/2/1450 1423/3/1408 1424/4/1408
f 1433/1/1463 1430/2/1463 1431/3/1466 1432/4/1476
f 1452/1/1522 1449/2/1496 1450/3/1499 1451/4/1523
f 1463/1/1500 1460/2/1500 1461/3/1503 1462/4/1486
f 1473/1/1524 1471/2/1505 1470/3/1525 1472/4/1526
f 1481/1/1527 1480/2/1512 1446/3/1483 1448/4/1482
f 1507/1/1585 1505/2/1586 1504/3/1587 1506/4/1579
f 1512/1/1588 1510/2/1589 1509/3/1559 1511/4/1590
f 1529/1/1591 1528/2/1592 1489/3/1549 1490/4/1578
f 1531/1/1593 1530/2/1572 1528/3/1569 1529/4/1591
f 1524/1/1539 1523/2/1538 1532/3/1594 1533/4/1595
f 1551/1/1630 1547/2/1606 1546/3/1631 1550/4/1632
f 1558/1/1633 1557/2/1610 1555/3/1613 1556/4/1634
f 1567/1/1635 1565/2/1615 1564/3/1636 1566/4/1637
f 1569/1/1638 1568/2/1621 1565/3/1615 1567/4/1635
f 1566/1/1639 1564/2/1636 1570/3/1627 1571/4/1640
f 1581/1/1677 1579/2/1647 1578/3/1650 1580/4/1678
f 1604/1/1679 1601/2/1665 1602/3/1667 1603/4/1680
f 1610/1/1681 1607/2/1659 1608/3/1662 1609/4/1682
f 1609/1/1682 1608/2/1662 1601/3/1665 1604/4/1679
f 1623/1/1454 1614/2/1454 1598/3/1651 1600/4/1683
f 1580/1/1678 1578/2/1650 1628/3/1674 1629/4/1684
f 1625/1/1685 1606/2/1655 1605/3/1658 1631/4/1686
f 1642/1/1732 1640/2/1717 1639/3/1713 1641/4/1733
f 1646/1/1734 1645/2/1715 1640/3/1717 1642/4/1735
f 1641/1/1733 1639/2/1721 1638/3/1714 1647/4/1736
f 1658/1/1737 1649/2/1718 1648/3/1720 1664/4/1738
f 1674/1/1739 1672/2/1725 1671/3/1728 1673/4/1740
f 1678/1/1747 1675/2/1748 1676/3/1749 1677/4/1750
f 1716/1/1799 1713/2/1800 1714/3/1801 1715/4/1802
f 1715/1/1802 1714/2/1803 1730/3/1804 1731/4/1805
f 1735/1/1806 1725/2/1807 1724/3/1808 1734/4/1809
f 1711/1/1798 1710/2/1810 1736/3/1811 1739/4/1812
f 1734/1/1809 1724/2/1808 1737/3/1813 1738/4/1814
usemtl Texture_2
f 1264/1/1279 1268/2/1295 1269/3/1296 1265/4/1280
f 1270/1/1297 1274/2/1298 1275/3/1299 1271/4/1283
f 1284/1/1287 1280/2/1300 1282/3/1301 1283/4/1302
f 1271/1/1303 1275/2/1304 1277/3/1305 1285/4/1306
f 1283/1/1302 1282/2/1307 1274/3/1298 1270/4/1297
f 1292/1/1291 1281/2/1308 1280/3/1300 1284/4/1292
f 1265/1/1280 1269/2/1309 1287/3/1310 1294/4/1293
f 1299/1/1315 1296/2/1316 1297/3/1317 1298/4/1318
f 1305/1/1319 1302/2/1320 1303/3/1321 1304/4/1322
f 1311/1/1323 1310/2/1324 1302/3/1320 1305/4/1319
f 1314/1/1325 1309/2/1326 1308/3/1327 1313/4/1328
f 1313/1/1328 1308/2/1329 1317/3/1330 1318/4/1331
f 1318/1/1331 1317/2/1330 1320/3/1332 1322/4/1333
f 1326/1/1334 1324/2/1335 1321/3/1336 1325/4/1337
f 1325/1/1337 1321/2/1338 1310/3/1339 1311/4/1340
f 1298/1/1318 1297/2/1317 1309/3/1341 1314/4/1325
f 1333/1/1342 1332/2/1343 1324/3/1335 1326/4/1334
f 1322/1/1333 1320/2/1332 1331/3/1344 1336/4/1345
f 1336/1/1346 1331/2/1344 1335/3/1347 1338/4/1348
f 1304/1/1322 1303/2/1349 1330/3/1350 1340/4/1351
f 1345/1/1352 1342/2/1353 1343/3/1354 1344/4/1355
f 1338/1/1348 1335/2/1356 1342/3/1353 1345/4/1352
f 1344/1/1357 1343/2/1354 1332/3/1343 1333/4/1342
f 1348/1/1401 1352/2/1402 1353/3/1403 1349/4/1391
f 1355/1/1394 1360/2/1404 1361/3/1405 1358/4/1395
f 1364/1/1406 1368/2/1407 1369/3/1408 1365/4/1408
f 1354/1/1409 1370/2/1410 1360/3/1404 1355/4/1394
f 1374/1/1411 1378/2/1412 1372/3/1413 1375/4/1414
f 1380/1/1415 1382/2/1416 1370/3/1410 1354/4/1409
f 1383/1/1398 1379/2/1417 1378/3/1412 1374/4/1399
f 1375/1/1414 1372/2/1413 1388/3/1418 1385/4/513
f 1358/1/1395 1361/2/1405 1352/3/1402 1348/4/1401
f 1349/1/1419 1353/2/1403 1368/3/1407 1364/4/1406
f 1389/1/1420 1362/2/1421 1379/3/1422 1383/4/1398
f 1394/1/1440 1391/2/1441 1392/3/1442 1393/4/1443
f 1399/1/513 1396/2/1444 1391/3/1445 1394/4/1446
f 1409/1/1447 1398/2/1448 1397/3/1449 1408/4/1450
f 1414/1/1451 1412/2/1452 1396/3/1444 1399/4/513
f 1408/1/1450 1397/2/1449 1413/3/1453 1416/4/1454
f 1393/1/1455 1392/2/1456 1406/3/1457 1418/4/1451
f 1403/1/1458 1421/2/1459 1398/3/1460 1409/4/1447
f 1422/1/1450 1426/2/1461 1427/3/1462 1423/4/1408
f 1430/1/1463 1434/2/1464 1428/3/1465 1431/4/1466
f 1431/1/1466 1428/2/1465 1412/3/1452 1414/4/1451
f 1416/1/1454 1413/2/1453 1426/3/1461 1422/4/1450
f 1402/1/1467 1407/2/1468 1421/3/1459 1403/4/1469
f 1435/1/513 1439/2/1492 1440/3/1493 1436/4/1480
f 1446/1/1483 1444/2/1494 1443/3/1495 1445/4/1484
f 1449/1/1496 1453/2/1497 1454/3/1498 1450/4/1499
f 1460/1/1500 1459/2/1501 1464/3/1502 1461/4/1503
f 1465/1/1490 1467/2/1504 1453/3/1497 1449/4/1496
f 1471/1/1505 1469/2/1506 1455/3/1507 1470/4/1508
f 1461/1/1487 1464/2/1502 1476/3/1509 1474/4/513
f 1478/1/1489 1442/2/1510 1467/3/1511 1465/4/1490
f 1474/1/513 1476/2/1509 1439/3/1492 1435/4/513
f 1480/1/1512 1477/2/1513 1444/3/1514 1446/4/1483
f 1445/1/1484 1443/2/1495 1442/3/1510 1478/4/1489
f 1436/1/1480 1440/2/1515 1469/3/1506 1471/4/1505
f 1482/1/1450 1486/2/1547 1487/3/1548 1483/4/1530
f 1489/1/1549 1488/2/1550 1486/3/1547 1482/4/1450
f 1495/1/1546 1499/2/1551 1500/3/1552 1496/4/1537
f 1505/1/1553 1503/2/1554 1491/3/1555 1504/4/1556
f 1510/1/1542 1494/2/1557 1493/3/1558 1509/4/1559
f 1483/1/1560 1487/2/1548 1502/3/1561 1513/4/1541
f 1517/1/1534 1501/2/1562 1521/3/1563 1518/4/1545
f 1504/1/1556 1491/2/1555 1508/3/1564 1515/4/1533
f 1515/1/1533 1508/2/1564 1501/3/1565 1517/4/1534
f 1496/1/1537 1500/2/1552 1522/3/1566 1523/4/1538
f 1513/1/1541 1502/2/1561 1494/3/1567 1510/4/1568
f 1528/1/1569 1526/2/1570 1488/3/1571 1489/4/1549
f 1530/1/1572 1527/2/1573 1526/3/1570 1528/4/1569
f 1518/1/1545 1521/2/1563 1499/3/1551 1495/4/1546
f 1523/1/1574 1522/2/1575 1525/3/1576 1532/4/1577
f 1534/1/1597 1538/2/1604 1539/3/1605 1535/4/1598
f 1547/1/1606 1544/2/1607 1545/3/1608 1546/4/1609
f 1557/1/1610 1559/2/1611 1552/3/1612 1555/4/1613
f 1555/1/1613 1552/2/1612 1538/3/1614 1534/4/1597
f 1565/1/1615 1541/2/1616 1561/3/1617 1564/4/1618
f 1562/1/1619 1548/2/1620 1544/3/1607 1547/4/1602
f 1568/1/1621 1543/2/1622 1541/3/1623 1565/4/1615
f 1535/1/1598 1539/2/1624 1548/3/1620 1562/4/1619
f 1564/1/1618 1561/2/1625 1560/3/1626 1570/4/1627
f 1575/1/1643 1572/2/1644 1573/3/1645 1574/4/1646
f 1579/1/1647 1576/2/1648 1577/3/1649 1578/4/1650
f 1598/1/1651 1596/2/1652 1595/3/1653 1597/4/1654
f 1606/1/1655 1590/2/1656 1589/3/1657 1605/4/1658
f 1607/1/1659 1611/2/1660 1587/3/1661 1608/4/1662
f 1608/1/1662 1587/2/1663 1592/3/1664 1601/4/1665
f 1601/1/1665 1592/2/1664 1612/3/1666 1602/4/1667
f 1614/1/1454 1613/2/1668 1596/3/1652 1598/4/1651
f 1618/1/1669 1624/2/1670 1590/3/1656 1606/4/1655
f 1597/1/1654 1595/2/1653 1616/3/1671 1621/4/1672
f 1578/1/1650 1577/2/1649 1627/3/1673 1628/4/1674
f 1621/1/1672 1616/2/1671 1572/3/1675 1575/4/1643
f 1574/1/1646 1573/2/1676 1624/3/1670 1618/4/1669
f 1639/1/1713 1636/2/1706 1637/3/1708 1638/4/1714
f 1645/1/1715 1643/2/1716 1644/3/1704 1640/4/1717
f 1649/1/1718 1632/2/1703 1635/3/1719 1648/4/1720
f 1640/1/1717 1644/2/1704 1636/3/1706 1639/4/1721
f 1653/1/1722 1650/2/1711 1651/3/1705 1652/4/1723
f 1657/1/1724 1667/2/1709 1632/3/1703 1649/4/1718
f 1672/1/1725 1670/2/1726 1668/3/1727 1671/4/1728
f 1652/1/1729 1651/2/1730 1667/3/1709 1657/4/1724
f 1671/1/1728 1668/2/1710 1650/3/1711 1653/4/1731
f 1675/1/1751 1679/2/1752 1680/3/1753 1676/4/1754
f 1688/1/1755 1685/2/1756 1686/3/1757 1687/4/1758
f 1681/1/1759 1680/2/1760 1691/3/1761 1682/4/1762
f 1682/1/1762 1691/2/1763 1694/3/1764 1692/4/1765
f 1701/1/1766 1697/2/1767 1699/3/1768 1700/4/1769
f 1703/1/1770 1702/2/1771 1685/3/1756 1688/4/1755
f 1695/1/1772 1698/2/1773 1697/3/1774 1701/4/1766
f 1680/2/1760 1681/4/1759 1676/1/1749
f 1692/1/1765 1694/2/1775 1698/3/1776 1695/4/1772
f 1700/1/1769 1699/2/1777 1702/3/1771 1703/4/1778
f 1713/1/1815 1717/2/1816 1718/3/1817 1714/4/1803
f 1725/1/1807 1722/2/1818 1723/3/1819 1724/4/1820
f 1714/1/1803 1718/2/1817 1728/3/1821 1730/4/1804
f 1710/1/1810 1719/2/1822 1733/3/1823 1736/4/1811
f 1724/1/1820 1723/2/1819 1726/3/1824 1737/4/1813
f 1709/1/1796 1732/2/1825 1719/3/1822 1710/4/1810
f 1737/1/1813 1726/2/1824 1732/3/1825 1709/4/1796
usemtl Texture_35
f 1273/1/1311 1270/2/1297 1271/3/1303 1272/4/1282
f 1312/1/1376 1311/2/1323 1305/3/1319 1307/4/1360
f 1316/1/1377 1314/2/1325 1313/3/1328 1315/4/1378
f 1319/1/1379 1318/2/1331 1322/3/1380 1323/4/1364
f 1334/1/1381 1333/2/1342 1326/3/1334 1328/4/1362
f 1377/1/1400 1374/2/1399 1375/3/1414 1376/4/1428
f 1350/1/1438 1349/2/1419 1364/3/1406 1367/4/1424
f 1359/1/1396 1358/2/1395 1348/3/1401 1351/4/1439
f 1411/1/1475 1409/2/1447 1408/3/1450 1410/4/1450
f 1415/1/1451 1414/2/1451 1399/3/513 1401/4/513
f 1400/1/1473 1394/2/1440 1393/3/1443 1420/4/1479
f 1417/1/1454 1416/2/1454 1422/3/1450 1425/4/1450
f 1466/1/1491 1465/2/1490 1449/3/1496 1452/4/1522
f 1475/1/513 1474/2/513 1435/3/513 1438/4/513
f 1447/1/1528 1445/2/1484 1478/3/1489 1479/4/1488
f 1437/1/1481 1436/2/1480 1471/3/1505 1473/4/1529
f 1485/1/1450 1482/2/1450 1483/3/1530 1484/4/1531
f 1516/1/1532 1515/2/1533 1517/3/1534 1520/4/1535
f 1497/1/1536 1496/2/1537 1523/3/1538 1524/4/1539
f 1514/1/1540 1513/2/1541 1510/3/1542 1512/4/1543
f 1519/1/1544 1518/2/1545 1495/3/1546 1498/4/1546
f 1537/1/1596 1534/2/1597 1535/3/1598 1536/4/1599
f 1563/1/1600 1562/2/1601 1547/3/1602 1551/4/1603
f 1599/1/1694 1597/2/1654 1621/3/1672 1622/4/1700
f 1619/1/1697 1618/2/1669 1606/3/1655 1625/4/1701
f 1626/1/1699 1575/2/1643 1574/3/1646 1620/4/1695
f 1659/1/1741 1657/2/1724 1649/3/1718 1658/4/1737
f 1661/1/1742 1653/2/1722 1652/3/1729 1660/4/1743
f 1712/1/1795 1709/2/1796 1710/3/1797 1711/4/1798
usemtl Texture_1
f 1278/1/1112 1276/2/1112 1277/3/1305 1275/4/1304
f 1279/2/1112 1280/4/1300 1281/1/1308
f 1278/2/1112 1275/4/1299 1274/1/1298
f 1289/1/1112 1287/2/1312 1288/3/1112 1282/4/1301
f 1288/4/1112 1287/2/1312 1269/3/1296
f 1282/1/1301 1288/2/1112 1274/4/1298
f 1269/1/1313 1268/2/1295 1276/3/1112 1278/4/1112
f 1279/1/1112 1289/2/1112 1282/3/1307 1280/4/1300
f 1288/1/1112 1269/2/1296 1278/3/1112 1274/4/1298
f 1302/1/1367 1308/2/1327 1309/3/1341 1303/4/1349
f 1310/1/1368 1317/2/1330 1308/3/1327 1302/4/1320
f 1321/1/1338 1320/2/1332 1317/3/1369 1310/4/1368
f 1303/1/1349 1309/2/1341 1329/3/1112 1330/4/1350
f 1324/1/1335 1331/2/1370 1320/3/1371 1321/4/1338
f 1329/4/1112 1309/2/1326 1297/3/1372
f 1332/1/1373 1335/2/1374 1331/3/1375 1324/4/1335
f 1343/1/1354 1342/2/1353 1335/3/1347 1332/4/1373
f 1352/1/1402 1362/2/1431 1363/3/1112 1353/4/1432
f 1370/1/1410 1371/2/1112 1360/4/1404
f 1371/1/1112 1372/2/1413 1373/3/1112 1360/4/1404
f 1373/4/1112 1372/2/1413 1378/3/1412
f 1373/1/1112 1378/2/1412 1379/3/1433 1361/4/1405
f 1382/1/1416 1384/2/1112 1371/3/1112 1370/4/1410
f 1361/1/1434 1379/2/1433 1362/3/1431 1352/4/1435
f 1384/1/1112 1388/2/1436 1372/3/1413 1371/4/1112
f 1373/2/1112 1361/4/1434 1360/1/1437
f 1363/2/1112 1368/4/1407 1353/1/1432
f 1392/2/1456 1391/4/1441 1395/1/1112
f 1398/1/1448 1391/2/1441 1396/3/1444 1397/4/1449
f 1407/1/1468 1406/2/1457 1392/3/1456 1395/4/1112
f 1397/1/1449 1396/2/1444 1412/3/1470 1413/4/1471
f 1421/1/1459 1395/2/1112 1391/3/1441 1398/4/1448
f 1421/4/1472 1407/2/1468 1395/3/1112
f 1426/1/1461 1428/2/1465 1429/3/1112 1427/4/1462
f 1413/1/1471 1412/2/1470 1428/3/1465 1426/4/1461
f 1429/4/1112 1428/2/1465 1434/3/1464
f 1443/1/1495 1441/2/1112 1442/4/1516
f 1457/1/1112 1455/2/1507 1456/3/1112 1444/4/1514
f 1453/1/1497 1458/2/1112 1459/3/1517 1454/4/1498
f 1458/1/1112 1464/2/1518 1459/4/1517
f 1467/1/1504 1468/2/1112 1458/3/1112 1453/4/1497
f 1456/4/1112 1455/2/1507 1469/3/1519
f 1477/1/1513 1457/2/1112 1444/4/1514
f 1468/1/1112 1476/2/1509 1464/3/1502 1458/4/1112
f 1467/4/1504 1442/2/1516 1468/3/1112
f 1456/1/1112 1469/2/1506 1440/3/1520 1441/4/1112
f 1442/1/1516 1439/2/1521 1476/3/1509 1468/4/1112
f 1444/1/1514 1456/2/1112 1441/3/1112 1443/4/1495
f 1441/1/1112 1440/2/1493 1439/3/1521 1442/4/1516
f 1494/1/1557 1491/2/1555 1492/3/1112 1493/4/1580
f 1502/1/1561 1501/2/1562 1494/4/1557
f 1501/1/1562 1508/2/1564 1491/3/1555 1494/4/1557
f 1491/1/1555 1503/2/1581 1492/4/1112
f 1527/1/1573 1525/2/1582 1522/3/1583 1526/4/1570
f 1488/1/1584 1500/2/1552 1499/3/1551 1486/4/1547
f 1486/1/1547 1499/2/1551 1521/3/1563 1487/4/1548
f 1526/1/1570 1522/2/1575 1500/3/1552 1488/4/1571
f 1487/1/1548 1521/2/1563 1501/3/1562 1502/4/1561
f 1542/1/1112 1539/2/1624 1540/3/1112 1541/4/1623
f 1542/2/1112 1541/4/1616 1543/1/1622
f 1549/1/1112 1548/2/1620 1539/3/1624 1542/4/1112
f 1540/1/1112 1538/2/1614 1552/3/1612 1553/4/1112
f 1545/1/1608 1544/2/1607 1549/3/1112 1554/4/1112
f 1553/1/1112 1552/2/1612 1559/4/1628
f 1561/1/1625 1553/2/1112 1559/3/1628 1560/4/1626
f 1541/1/1623 1540/2/1112 1553/3/1112 1561/4/1625
f 1554/1/1112 1549/2/1112 1542/3/1112 1543/4/1622
f 1549/4/1112 1544/2/1607 1548/3/1620
f 1540/4/1112 1539/2/1629 1538/3/1614
f 1583/1/1112 1577/2/1649 1576/3/1648 1582/4/1112
f 1585/1/1112 1583/2/1112 1582/3/1112 1584/4/1112
f 1587/1/1663 1585/2/1112 1584/3/1112 1586/4/1112
f 1588/2/1112 1589/4/1657 1590/1/1656
f 1592/1/1664 1587/2/1663 1586/3/1112 1591/4/1112
f 1594/1/1112 1592/2/1664 1591/3/1112 1593/4/1112
f 1596/1/1687 1594/2/1112 1593/3/1112 1595/4/1653
f 1582/1/1112 1576/2/1648 1588/3/1112 1590/4/1656
f 1591/1/1112 1586/2/1112 1573/3/1676 1572/4/1675
f 1615/1/1112 1612/2/1688 1592/3/1664 1594/4/1112
f 1595/1/1653 1593/2/1112 1616/4/1671
f 1611/1/1660 1617/2/1112 1585/3/1112 1587/4/1663
f 1584/1/1112 1582/2/1112 1590/3/1689 1624/4/1690
f 1586/1/1112 1584/2/1112 1624/3/1691 1573/4/1676
f 1593/1/1112 1591/2/1112 1572/3/1692 1616/4/1671
f 1630/1/1112 1627/2/1673 1577/3/1693 1583/4/1112
f 1617/1/1112 1630/2/1112 1583/3/1112 1585/4/1112
f 1613/1/1668 1615/2/1112 1594/3/1112 1596/4/1652
f 1635/1/1702 1632/2/1703 1633/3/1112 1634/4/1112
f 1634/1/1112 1633/2/1112 1654/3/1112 1655/4/1112
f 1633/1/1112 1656/2/1112 1644/3/1704 1654/4/1112
f 1656/1/1112 1651/2/1705 1636/3/1706 1644/4/1704
f 1655/1/1112 1654/2/1112 1662/3/1112 1663/4/1112
f 1643/1/1707 1662/2/1112 1654/3/1112 1644/4/1704
f 1636/1/1706 1665/2/1112 1666/3/1112 1637/4/1708
f 1632/1/1703 1667/2/1709 1656/3/1112 1633/4/1112
f 1665/1/1112 1668/2/1710 1669/3/1112 1666/4/1112
f 1656/4/1112 1667/2/1709 1651/3/1705
f 1651/1/1705 1650/2/1711 1665/3/1112 1636/4/1706
f 1665/4/1112 1650/2/1711 1668/3/1710
f 1669/4/1112 1668/2/1710 1670/3/1712
f 1686/1/1757 1685/2/1756 1697/3/1767 1698/4/1776
f 1679/1/1790 1707/2/1112 1691/3/1761 1680/4/1760
f 1707/1/1112 1708/2/1112 1694/3/1775 1691/4/1761
f 1685/1/1791 1702/2/1792 1699/3/1777 1697/4/1767
f 1708/1/1112 1686/2/1757 1698/3/1776 1694/4/1775
f 1721/1/1112 1719/2/1822 1720/3/1112 1717/4/1816
f 1720/2/1112 1718/4/1817 1717/1/1816
f 1727/4/1112 1726/2/1824 1723/3/1819
f 1729/1/1112 1726/2/1824 1727/3/1112 1728/4/1821
f 1718/1/1817 1729/2/1112 1728/4/1821
f 1720/4/1112 1719/2/1822 1732/3/1825
f 1721/4/1112 1733/2/1826 1719/3/1822
f 1726/2/1824 1729/4/1112 1732/1/1825
f 1720/1/1112 1732/2/1827 1729/3/1112 1718/4/1817
usemtl Texture_36
f 1290/1/1314 1283/2/1288 1270/3/1297 1273/4/1311
f 1315/1/1378 1313/2/1328 1318/3/1331 1319/4/1379
f 1327/1/1363 1325/2/1337 1311/3/1323 1312/4/1382
f 1300/1/1383 1298/2/1318 1314/3/1325 1316/4/1377
f 1337/1/1384 1336/2/1385 1338/3/1348 1339/4/1386
f 1351/1/1389 1348/2/1390 1349/3/1391 1350/4/1392
f 1356/1/1393 1355/2/1394 1358/3/1395 1359/4/1396
f 1387/1/1397 1383/2/1398 1374/3/1399 1377/4/1400
f 1401/1/513 1399/2/513 1394/3/1446 1400/4/1473
f 1410/1/1450 1408/2/1450 1416/3/1454 1417/4/1454
f 1404/1/1474 1403/2/1469 1409/3/1447 1411/4/1475
f 1432/1/1476 1431/2/1466 1414/3/1451 1415/4/1451
f 1438/1/513 1435/2/513 1436/3/1480 1437/4/1481
f 1448/1/1482 1446/2/1483 1445/3/1484 1447/4/1485
f 1462/1/1486 1461/2/1487 1474/3/513 1475/4/513
f 1479/1/1488 1478/2/1489 1465/3/1490 1466/4/1491
f 1490/1/1578 1489/2/1549 1482/3/1450 1485/4/1450
f 1498/1/1546 1495/2/1546 1496/3/1537 1497/4/1536
f 1484/1/1531 1483/2/1560 1513/3/1541 1514/4/1540
f 1506/1/1579 1504/2/1556 1515/3/1533 1516/4/1532
f 1520/1/1535 1517/2/1534 1518/3/1545 1519/4/1544
f 1556/1/1641 1555/2/1613 1534/3/1642 1537/4/1596
f 1536/1/1599 1535/2/1598 1562/3/1619 1563/4/1600
f 1600/1/1683 1598/2/1651 1597/3/1654 1599/4/1694
f 1620/1/1695 1574/2/1696 1618/3/1669 1619/4/1697
f 1622/1/1698 1621/2/1672 1575/3/1643 1626/4/1699
f 1660/1/1744 1652/2/1745 1657/3/1724 1659/4/1741
f 1673/1/1740 1671/2/1728 1653/3/1731 1661/4/1746
f 1677/1/1793 1676/2/1794 1681/3/1759 1684/4/1779
f 1738/1/1814 1737/2/1813 1709/3/1828 1712/4/1795
usemtl Texture_4
f 1347/1/1387 1345/2/1352 1344/3/1355 1346/4/1388
f 1339/1/1386 1338/2/1348 1345/3/1352 1347/4/1387
f 1346/1/1388 1344/2/1355 1333/3/1342 1334/4/1381
f 1684/1/1779 1681/2/1759 1682/3/1762 1683/4/1780
f 1690/1/1781 1688/2/1755 1687/3/1758 1689/4/1782
f 1683/1/1783 1682/2/1762 1692/3/1765 1693/4/1765
f 1693/1/1765 1692/2/1765 1695/3/1772 1696/4/1784
f 1705/1/1785 1701/2/1786 1700/3/1769 1704/4/1787
f 1706/1/1788 1703/2/1770 1688/3/1755 1690/4/1781
f 1696/1/1784 1695/2/1772 1701/3/1766 1705/4/1785
f 1704/1/1789 1700/2/1769 1703/3/1778 1706/4/1788
usemtl Texture_9
f 1740/2/1829 1741/3/1830 1742/4/1830 1743/1/1829
f 1756/1/1831 1753/4/1832 1752/3/1832 1757/2/1831
f 1760/2/1833 1761/3/1834 1762/4/1835 1763/1/1833
f 1764/3/1835 1765/2/1833 1763/1/1833 1762/4/1836
f 1817/2/1896 1821/3/1897 1822/4/1897 1823/1/1896
usemtl Texture_6
f 1744/1/1829 1745/4/1830 1741/3/1830 1740/2/1829
f 1753/1/1832 1748/4/1837 1751/3/1837 1752/2/1832
f 1758/2/1838 1756/3/1839 1757/4/1839 1759/1/1838
f 1765/3/1833 1766/2/1840 1767/1/1840 1763/4/1833
f 1756/3/1839 1758/2/1838 1771/1/1838 1754/4/1839
f 1750/2/1841 1742/3/1842 1741/4/1842 1746/1/1841
f 1817/3/1891 1818/2/1892 1819/1/1892 1820/4/1891
f 1824/2/1893 1825/3/1894 1826/4/1895 1827/1/1893
f 1820/1/1896 1854/4/1897 1821/3/1897 1817/2/1896
f 1818/2/1892 1817/3/1891 1823/4/1891 1855/1/1892
usemtl Texture_8
f 1746/2/1841 1741/3/1842 1745/4/1842 1747/1/1841
f 1770/1/1843 1771/4/1838 1758/3/1838 1769/2/1844
f 1759/4/1838 1768/1/1845 1769/2/1845 1758/3/1838
f 1763/3/1833 1767/2/1840 1772/1/1840 1760/4/1833
f 1755/1/1832 1749/4/1832 1748/3/1832 1753/2/1832
f 1827/2/1893 1826/3/1895 1852/4/1895 1853/1/1893
usemtl Texture_7
f 1749/1/1832 1750/4/1841 1746/3/1841 1748/2/1832
f 1747/4/1841 1751/1/1832 1748/2/1832 1746/3/1841
f 1754/1/1831 1755/4/1832 1753/3/1832 1756/2/1831
f 1768/3/1845 1764/2/1835 1762/1/1846 1769/4/1844
f 1761/2/1847 1770/3/1848 1769/4/1849 1762/1/1834
f 1818/3/1892 1826/2/1894 1825/1/1895 1819/4/1892
f 1855/4/1892 1852/1/1895 1826/2/1895 1818/3/1892
usemtl Texture_5
f 1775/4/1850 1774/3/1851 1773/2/1852 1776/1/1853
f 1779/4/1854 1778/3/1855 1777/2/1856 1780/1/1857
f 1786/3/1858 1785/2/1859 1788/1/1860 1787/4/1861
f 1787/1/1861 1794/4/1862 1793/3/1863 1786/2/1858
f 1776/4/1864 1773/3/1852 1778/2/1855 1779/1/1865
f 1796/3/1866 1795/2/1867 1798/1/1868 1797/4/1866
f 1801/4/1869 1800/3/1870 1799/2/1871 1802/1/1871
f 1804/1/1872 1788/4/1860 1785/3/1859 1803/2/1873
f 1806/4/1874 1805/3/1875 1774/2/1851 1775/1/1850
f 1808/4/1876 1807/3/1876 1805/2/1875 1806/1/1877
f 1800/2/1870 1801/1/1869 1810/4/1878 1809/3/1879
f 1812/1/1880 1804/4/1881 1803/3/1873 1811/2/1882
f 1814/1/1883 1812/4/1884 1811/3/1882 1813/2/1883
f 1780/4/1857 1777/3/1856 1809/2/1879 1810/1/1885
f 1795/3/1867 1815/2/1886 1816/1/1887 1798/4/1888
f 1815/3/1886 1793/2/1863 1794/1/1862 1816/4/1887
f 1839/1/1900 1838/4/1901 1837/3/1902 1836/2/1900
f 1842/4/1903 1841/3/1903 1840/2/1904 1843/1/1905
f 1843/4/1906 1840/3/1904 1837/2/1902 1838/1/1901
f 1844/2/1907 1847/1/1908 1846/4/1909 1845/3/1909
f 1850/4/1910 1849/3/1911 1848/2/1912 1851/1/1912
f 1849/2/1911 1850/1/1910 1847/4/1908 1844/3/1913
usemtl Texture_30
f 1784/1/1889 1781/2/1889 1782/3/1889 1783/4/1889
f 1792/1/1890 1789/2/1890 1790/3/1890 1791/4/1890
f 1868/2/1112 1869/3/1112 1870/4/1112 1871/1/1112
f 1875/4/1916 1872/3/1916 1873/2/1916 1874/1/1916
usemtl Texture_31
f 1830/4/1898 1831/1/1898 1828/2/1898 1829/3/1898
f 1905/3/1112 1906/4/1112 1907/1/1112 1904/2/1112
f 1875/3/1916 1874/2/1916 1895/1/1916 1894/4/1916
usemtl Texture_29
f 1834/4/1899 1835/1/1899 1832/2/1899 1833/3/1899
f 1863/1/1917 1860/2/1917 1861/3/1917 1862/4/1917
f 1888/1/1918 1899/2/1918 1898/3/1918 1889/4/1918
f 1880/1/1112 1913/2/1112 1912/3/1112 1881/4/1112
usemtl Texture_27
f 1857/2/1914 1858/1/1914 1859/4/1914 1856/3/1914
f 1876/4/1112 1877/1/1112 1878/2/1112 1879/3/1112
f 1900/3/1112 1901/2/1112 1902/1/1112 1903/4/1112
f 1882/4/1915 1908/3/1916 1909/2/1916 1883/1/1915
f 1884/1/1916 1909/2/1916 1908/3/1916 1885/4/1916
f 1869/4/1112 1868/1/1112 1901/2/1112 1900/3/1112
f 1923/3/1917 1924/4/1917 1925/1/1917 1922/2/1917
usemtl Texture_26
f 1867/1/1917 1864/2/1917 1865/3/1917 1866/4/1917
f 1894/4/1916 1895/1/1916 1892/2/1916 1893/3/1916
usemtl Texture_24
f 1883/1/1915 1880/2/1112 1881/3/1112 1882/4/1919
f 1914/2/1917 1915/3/1917 1916/4/1917 1917/1/1917
usemtl Texture_25
f 1885/3/1916 1886/4/1916 1887/1/1916 1884/2/1916
f 1859/3/1914 1858/2/1914 1918/1/1914 1919/4/1914
usemtl Texture_28
f 1891/1/1918 1888/2/1918 1889/3/1918 1890/4/1918
f 1863/2/1917 1862/3/1917 1915/4/1917 1914/1/1917
usemtl Texture_32
f 1897/3/1918 1898/4/1918 1899/1/1918 1896/2/1918
f 1911/3/1112 1912/4/1112 1913/1/1112 1910/2/1112
usemtl Texture_33
f 1878/1/1112 1907/2/1112 1906/3/1112 1879/4/1112
f 1857/1/1914 1856/4/1914 1920/3/1914 1921/2/1914
f 1922/1/1917 1867/2/1917 1866/3/1917 1923/4/1917
